algorithm,scenario,delta,repeat,ARI,changed_total,changed_moved,changed_other,k_changed,dataset
KMeans,внутрішня точка,0.01,0,1.0,0,0,0,0,circles_det
KMeans,внутрішня точка,0.01,1,1.0,0,0,0,0,circles_det
KMeans,внутрішня точка,0.01,2,1.0,0,0,0,0,circles_det
KMeans,внутрішня точка,0.01,3,1.0,0,0,0,0,circles_det
KMeans,внутрішня точка,0.01,4,1.0,0,0,0,0,circles_det
KMeans,внутрішня точка,0.05,0,1.0,0,0,0,0,circles_det
KMeans,внутрішня точка,0.05,1,1.0,0,0,0,0,circles_det
KMeans,внутрішня точка,0.05,2,1.0,0,0,0,0,circles_det
KMeans,внутрішня точка,0.05,3,1.0,0,0,0,0,circles_det
KMeans,внутрішня точка,0.05,4,1.0,0,0,0,0,circles_det
KMeans,внутрішня точка,0.1,0,1.0,0,0,0,0,circles_det
KMeans,внутрішня точка,0.1,1,1.0,0,0,0,0,circles_det
KMeans,внутрішня точка,0.1,2,1.0,0,0,0,0,circles_det
KMeans,внутрішня точка,0.1,3,1.0,0,0,0,0,circles_det
KMeans,внутрішня точка,0.1,4,1.0,0,0,0,0,circles_det
KMeans,внутрішня точка,0.25,0,1.0,0,0,0,0,circles_det
KMeans,внутрішня точка,0.25,1,1.0,0,0,0,0,circles_det
KMeans,внутрішня точка,0.25,2,1.0,0,0,0,0,circles_det
KMeans,внутрішня точка,0.25,3,1.0,0,0,0,0,circles_det
KMeans,внутрішня точка,0.25,4,1.0,0,0,0,0,circles_det
KMeans,внутрішня точка,0.5,0,1.0,0,0,0,0,circles_det
KMeans,внутрішня точка,0.5,1,1.0,0,0,0,0,circles_det
KMeans,внутрішня точка,0.5,2,1.0,0,0,0,0,circles_det
KMeans,внутрішня точка,0.5,3,1.0,0,0,0,0,circles_det
KMeans,внутрішня точка,0.5,4,1.0,0,0,0,0,circles_det
KMeans,внутрішня точка,1.0,0,1.0,0,0,0,0,circles_det
KMeans,внутрішня точка,1.0,1,1.0,0,0,0,0,circles_det
KMeans,внутрішня точка,1.0,2,1.0,0,0,0,0,circles_det
KMeans,внутрішня точка,1.0,3,1.0,0,0,0,0,circles_det
KMeans,внутрішня точка,1.0,4,1.0,0,0,0,0,circles_det
KMeans,внутрішня точка,2.0,0,1.0,0,0,0,0,circles_det
KMeans,внутрішня точка,2.0,1,1.0,0,0,0,0,circles_det
KMeans,внутрішня точка,2.0,2,1.0,0,0,0,0,circles_det
KMeans,внутрішня точка,2.0,3,1.0,0,0,0,0,circles_det
KMeans,внутрішня точка,2.0,4,1.0,0,0,0,0,circles_det
KMeans,межова точка,0.01,0,1.0,0,0,0,0,circles_det
KMeans,межова точка,0.01,1,1.0,0,0,0,0,circles_det
KMeans,межова точка,0.01,2,1.0,0,0,0,0,circles_det
KMeans,межова точка,0.01,3,1.0,0,0,0,0,circles_det
KMeans,межова точка,0.01,4,1.0,0,0,0,0,circles_det
KMeans,межова точка,0.05,0,1.0,0,0,0,0,circles_det
KMeans,межова точка,0.05,1,1.0,0,0,0,0,circles_det
KMeans,межова точка,0.05,2,1.0,0,0,0,0,circles_det
KMeans,межова точка,0.05,3,1.0,0,0,0,0,circles_det
KMeans,межова точка,0.05,4,1.0,0,0,0,0,circles_det
KMeans,межова точка,0.1,0,1.0,0,0,0,0,circles_det
KMeans,межова точка,0.1,1,1.0,0,0,0,0,circles_det
KMeans,межова точка,0.1,2,1.0,0,0,0,0,circles_det
KMeans,межова точка,0.1,3,1.0,0,0,0,0,circles_det
KMeans,межова точка,0.1,4,1.0,0,0,0,0,circles_det
KMeans,межова точка,0.25,0,1.0,0,0,0,0,circles_det
KMeans,межова точка,0.25,1,1.0,0,0,0,0,circles_det
KMeans,межова точка,0.25,2,1.0,0,0,0,0,circles_det
KMeans,межова точка,0.25,3,1.0,0,0,0,0,circles_det
KMeans,межова точка,0.25,4,1.0,0,0,0,0,circles_det
KMeans,межова точка,0.5,0,1.0,0,0,0,0,circles_det
KMeans,межова точка,0.5,1,1.0,0,0,0,0,circles_det
KMeans,межова точка,0.5,2,1.0,0,0,0,0,circles_det
KMeans,межова точка,0.5,3,1.0,0,0,0,0,circles_det
KMeans,межова точка,0.5,4,1.0,0,0,0,0,circles_det
KMeans,межова точка,1.0,0,1.0,0,0,0,0,circles_det
KMeans,межова точка,1.0,1,1.0,0,0,0,0,circles_det
KMeans,межова точка,1.0,2,1.0,0,0,0,0,circles_det
KMeans,межова точка,1.0,3,1.0,0,0,0,0,circles_det
KMeans,межова точка,1.0,4,1.0,0,0,0,0,circles_det
KMeans,межова точка,2.0,0,1.0,0,0,0,0,circles_det
KMeans,межова точка,2.0,1,1.0,0,0,0,0,circles_det
KMeans,межова точка,2.0,2,1.0,0,0,0,0,circles_det
KMeans,межова точка,2.0,3,1.0,0,0,0,0,circles_det
KMeans,межова точка,2.0,4,1.0,0,0,0,0,circles_det
KMeans,1% точок,0.01,0,1.0,0,0,0,0,circles_det
KMeans,1% точок,0.01,1,1.0,0,0,0,0,circles_det
KMeans,1% точок,0.01,2,1.0,0,0,0,0,circles_det
KMeans,1% точок,0.01,3,1.0,0,0,0,0,circles_det
KMeans,1% точок,0.01,4,1.0,0,0,0,0,circles_det
KMeans,1% точок,0.05,0,1.0,0,0,0,0,circles_det
KMeans,1% точок,0.05,1,1.0,0,0,0,0,circles_det
KMeans,1% точок,0.05,2,1.0,0,0,0,0,circles_det
KMeans,1% точок,0.05,3,1.0,0,0,0,0,circles_det
KMeans,1% точок,0.05,4,1.0,0,0,0,0,circles_det
KMeans,1% точок,0.1,0,1.0,0,0,0,0,circles_det
KMeans,1% точок,0.1,1,1.0,0,0,0,0,circles_det
KMeans,1% точок,0.1,2,1.0,0,0,0,0,circles_det
KMeans,1% точок,0.1,3,1.0,0,0,0,0,circles_det
KMeans,1% точок,0.1,4,1.0,0,0,0,0,circles_det
KMeans,1% точок,0.25,0,1.0,0,0,0,0,circles_det
KMeans,1% точок,0.25,1,1.0,0,0,0,0,circles_det
KMeans,1% точок,0.25,2,1.0,0,0,0,0,circles_det
KMeans,1% точок,0.25,3,1.0,0,0,0,0,circles_det
KMeans,1% точок,0.25,4,1.0,0,0,0,0,circles_det
KMeans,1% точок,0.5,0,1.0,0,0,0,0,circles_det
KMeans,1% точок,0.5,1,1.0,0,0,0,0,circles_det
KMeans,1% точок,0.5,2,1.0,0,0,0,0,circles_det
KMeans,1% точок,0.5,3,1.0,0,0,0,0,circles_det
KMeans,1% точок,0.5,4,1.0,0,0,0,0,circles_det
KMeans,1% точок,1.0,0,1.0,0,0,0,0,circles_det
KMeans,1% точок,1.0,1,1.0,0,0,0,0,circles_det
KMeans,1% точок,1.0,2,1.0,0,0,0,0,circles_det
KMeans,1% точок,1.0,3,1.0,0,0,0,0,circles_det
KMeans,1% точок,1.0,4,1.0,0,0,0,0,circles_det
KMeans,1% точок,2.0,0,1.0,0,0,0,0,circles_det
KMeans,1% точок,2.0,1,1.0,0,0,0,0,circles_det
KMeans,1% точок,2.0,2,1.0,0,0,0,0,circles_det
KMeans,1% точок,2.0,3,1.0,0,0,0,0,circles_det
KMeans,1% точок,2.0,4,1.0,0,0,0,0,circles_det
KMeans,5% точок,0.01,0,1.0,0,0,0,0,circles_det
KMeans,5% точок,0.01,1,1.0,0,0,0,0,circles_det
KMeans,5% точок,0.01,2,1.0,0,0,0,0,circles_det
KMeans,5% точок,0.01,3,1.0,0,0,0,0,circles_det
KMeans,5% точок,0.01,4,1.0,0,0,0,0,circles_det
KMeans,5% точок,0.05,0,1.0,0,0,0,0,circles_det
KMeans,5% точок,0.05,1,1.0,0,0,0,0,circles_det
KMeans,5% точок,0.05,2,1.0,0,0,0,0,circles_det
KMeans,5% точок,0.05,3,1.0,0,0,0,0,circles_det
KMeans,5% точок,0.05,4,1.0,0,0,0,0,circles_det
KMeans,5% точок,0.1,0,1.0,0,0,0,0,circles_det
KMeans,5% точок,0.1,1,1.0,0,0,0,0,circles_det
KMeans,5% точок,0.1,2,1.0,0,0,0,0,circles_det
KMeans,5% точок,0.1,3,1.0,0,0,0,0,circles_det
KMeans,5% точок,0.1,4,1.0,0,0,0,0,circles_det
KMeans,5% точок,0.25,0,1.0,0,0,0,0,circles_det
KMeans,5% точок,0.25,1,1.0,0,0,0,0,circles_det
KMeans,5% точок,0.25,2,1.0,0,0,0,0,circles_det
KMeans,5% точок,0.25,3,1.0,0,0,0,0,circles_det
KMeans,5% точок,0.25,4,1.0,0,0,0,0,circles_det
KMeans,5% точок,0.5,0,1.0,0,0,0,0,circles_det
KMeans,5% точок,0.5,1,1.0,0,0,0,0,circles_det
KMeans,5% точок,0.5,2,1.0,0,0,0,0,circles_det
KMeans,5% точок,0.5,3,1.0,0,0,0,0,circles_det
KMeans,5% точок,0.5,4,1.0,0,0,0,0,circles_det
KMeans,5% точок,1.0,0,1.0,0,0,0,0,circles_det
KMeans,5% точок,1.0,1,1.0,0,0,0,0,circles_det
KMeans,5% точок,1.0,2,1.0,0,0,0,0,circles_det
KMeans,5% точок,1.0,3,1.0,0,0,0,0,circles_det
KMeans,5% точок,1.0,4,1.0,0,0,0,0,circles_det
KMeans,5% точок,2.0,0,1.0,0,0,0,0,circles_det
KMeans,5% точок,2.0,1,1.0,0,0,0,0,circles_det
KMeans,5% точок,2.0,2,1.0,0,0,0,0,circles_det
KMeans,5% точок,2.0,3,1.0,0,0,0,0,circles_det
KMeans,5% точок,2.0,4,1.0,0,0,0,0,circles_det
KMeans,10% точок,0.01,0,1.0,0,0,0,0,circles_det
KMeans,10% точок,0.01,1,1.0,0,0,0,0,circles_det
KMeans,10% точок,0.01,2,1.0,0,0,0,0,circles_det
KMeans,10% точок,0.01,3,1.0,0,0,0,0,circles_det
KMeans,10% точок,0.01,4,1.0,0,0,0,0,circles_det
KMeans,10% точок,0.05,0,1.0,0,0,0,0,circles_det
KMeans,10% точок,0.05,1,1.0,0,0,0,0,circles_det
KMeans,10% точок,0.05,2,1.0,0,0,0,0,circles_det
KMeans,10% точок,0.05,3,1.0,0,0,0,0,circles_det
KMeans,10% точок,0.05,4,1.0,0,0,0,0,circles_det
KMeans,10% точок,0.1,0,1.0,0,0,0,0,circles_det
KMeans,10% точок,0.1,1,1.0,0,0,0,0,circles_det
KMeans,10% точок,0.1,2,1.0,0,0,0,0,circles_det
KMeans,10% точок,0.1,3,1.0,0,0,0,0,circles_det
KMeans,10% точок,0.1,4,1.0,0,0,0,0,circles_det
KMeans,10% точок,0.25,0,1.0,0,0,0,0,circles_det
KMeans,10% точок,0.25,1,1.0,0,0,0,0,circles_det
KMeans,10% точок,0.25,2,1.0,0,0,0,0,circles_det
KMeans,10% точок,0.25,3,1.0,0,0,0,0,circles_det
KMeans,10% точок,0.25,4,1.0,0,0,0,0,circles_det
KMeans,10% точок,0.5,0,1.0,0,0,0,0,circles_det
KMeans,10% точок,0.5,1,1.0,0,0,0,0,circles_det
KMeans,10% точок,0.5,2,1.0,0,0,0,0,circles_det
KMeans,10% точок,0.5,3,1.0,0,0,0,0,circles_det
KMeans,10% точок,0.5,4,1.0,0,0,0,0,circles_det
KMeans,10% точок,1.0,0,1.0,0,0,0,0,circles_det
KMeans,10% точок,1.0,1,1.0,0,0,0,0,circles_det
KMeans,10% точок,1.0,2,1.0,0,0,0,0,circles_det
KMeans,10% точок,1.0,3,1.0,0,0,0,0,circles_det
KMeans,10% точок,1.0,4,1.0,0,0,0,0,circles_det
KMeans,10% точок,2.0,0,1.0,0,0,0,0,circles_det
KMeans,10% точок,2.0,1,1.0,0,0,0,0,circles_det
KMeans,10% точок,2.0,2,1.0,0,0,0,0,circles_det
KMeans,10% точок,2.0,3,1.0,0,0,0,0,circles_det
KMeans,10% точок,2.0,4,1.0,0,0,0,0,circles_det
GaussianMixture,внутрішня точка,0.01,0,1.0,0,0,0,0,circles_det
GaussianMixture,внутрішня точка,0.01,1,1.0,0,0,0,0,circles_det
GaussianMixture,внутрішня точка,0.01,2,1.0,0,0,0,0,circles_det
GaussianMixture,внутрішня точка,0.01,3,1.0,0,0,0,0,circles_det
GaussianMixture,внутрішня точка,0.01,4,1.0,0,0,0,0,circles_det
GaussianMixture,внутрішня точка,0.05,0,1.0,0,0,0,0,circles_det
GaussianMixture,внутрішня точка,0.05,1,1.0,0,0,0,0,circles_det
GaussianMixture,внутрішня точка,0.05,2,1.0,0,0,0,0,circles_det
GaussianMixture,внутрішня точка,0.05,3,1.0,0,0,0,0,circles_det
GaussianMixture,внутрішня точка,0.05,4,1.0,0,0,0,0,circles_det
GaussianMixture,внутрішня точка,0.1,0,1.0,0,0,0,0,circles_det
GaussianMixture,внутрішня точка,0.1,1,1.0,0,0,0,0,circles_det
GaussianMixture,внутрішня точка,0.1,2,1.0,0,0,0,0,circles_det
GaussianMixture,внутрішня точка,0.1,3,1.0,0,0,0,0,circles_det
GaussianMixture,внутрішня точка,0.1,4,1.0,0,0,0,0,circles_det
GaussianMixture,внутрішня точка,0.25,0,1.0,0,0,0,0,circles_det
GaussianMixture,внутрішня точка,0.25,1,1.0,0,0,0,0,circles_det
GaussianMixture,внутрішня точка,0.25,2,1.0,0,0,0,0,circles_det
GaussianMixture,внутрішня точка,0.25,3,1.0,0,0,0,0,circles_det
GaussianMixture,внутрішня точка,0.25,4,1.0,0,0,0,0,circles_det
GaussianMixture,внутрішня точка,0.5,0,1.0,0,0,0,0,circles_det
GaussianMixture,внутрішня точка,0.5,1,1.0,0,0,0,0,circles_det
GaussianMixture,внутрішня точка,0.5,2,1.0,0,0,0,0,circles_det
GaussianMixture,внутрішня точка,0.5,3,1.0,0,0,0,0,circles_det
GaussianMixture,внутрішня точка,0.5,4,1.0,0,0,0,0,circles_det
GaussianMixture,внутрішня точка,1.0,0,1.0,0,0,0,0,circles_det
GaussianMixture,внутрішня точка,1.0,1,1.0,0,0,0,0,circles_det
GaussianMixture,внутрішня точка,1.0,2,1.0,0,0,0,0,circles_det
GaussianMixture,внутрішня точка,1.0,3,1.0,0,0,0,0,circles_det
GaussianMixture,внутрішня точка,1.0,4,1.0,0,0,0,0,circles_det
GaussianMixture,внутрішня точка,2.0,0,1.0,0,0,0,0,circles_det
GaussianMixture,внутрішня точка,2.0,1,1.0,0,0,0,0,circles_det
GaussianMixture,внутрішня точка,2.0,2,1.0,0,0,0,0,circles_det
GaussianMixture,внутрішня точка,2.0,3,1.0,0,0,0,0,circles_det
GaussianMixture,внутрішня точка,2.0,4,1.0,0,0,0,0,circles_det
GaussianMixture,межова точка,0.01,0,1.0,0,0,0,0,circles_det
GaussianMixture,межова точка,0.01,1,1.0,0,0,0,0,circles_det
GaussianMixture,межова точка,0.01,2,1.0,0,0,0,0,circles_det
GaussianMixture,межова точка,0.01,3,1.0,0,0,0,0,circles_det
GaussianMixture,межова точка,0.01,4,1.0,0,0,0,0,circles_det
GaussianMixture,межова точка,0.05,0,1.0,0,0,0,0,circles_det
GaussianMixture,межова точка,0.05,1,1.0,0,0,0,0,circles_det
GaussianMixture,межова точка,0.05,2,1.0,0,0,0,0,circles_det
GaussianMixture,межова точка,0.05,3,1.0,0,0,0,0,circles_det
GaussianMixture,межова точка,0.05,4,1.0,0,0,0,0,circles_det
GaussianMixture,межова точка,0.1,0,1.0,0,0,0,0,circles_det
GaussianMixture,межова точка,0.1,1,1.0,0,0,0,0,circles_det
GaussianMixture,межова точка,0.1,2,1.0,0,0,0,0,circles_det
GaussianMixture,межова точка,0.1,3,1.0,0,0,0,0,circles_det
GaussianMixture,межова точка,0.1,4,1.0,0,0,0,0,circles_det
GaussianMixture,межова точка,0.25,0,1.0,0,0,0,0,circles_det
GaussianMixture,межова точка,0.25,1,1.0,0,0,0,0,circles_det
GaussianMixture,межова точка,0.25,2,1.0,0,0,0,0,circles_det
GaussianMixture,межова точка,0.25,3,1.0,0,0,0,0,circles_det
GaussianMixture,межова точка,0.25,4,1.0,0,0,0,0,circles_det
GaussianMixture,межова точка,0.5,0,1.0,0,0,0,0,circles_det
GaussianMixture,межова точка,0.5,1,1.0,0,0,0,0,circles_det
GaussianMixture,межова точка,0.5,2,1.0,0,0,0,0,circles_det
GaussianMixture,межова точка,0.5,3,1.0,0,0,0,0,circles_det
GaussianMixture,межова точка,0.5,4,1.0,0,0,0,0,circles_det
GaussianMixture,межова точка,1.0,0,1.0,0,0,0,0,circles_det
GaussianMixture,межова точка,1.0,1,1.0,0,0,0,0,circles_det
GaussianMixture,межова точка,1.0,2,1.0,0,0,0,0,circles_det
GaussianMixture,межова точка,1.0,3,1.0,0,0,0,0,circles_det
GaussianMixture,межова точка,1.0,4,1.0,0,0,0,0,circles_det
GaussianMixture,межова точка,2.0,0,1.0,0,0,0,0,circles_det
GaussianMixture,межова точка,2.0,1,1.0,0,0,0,0,circles_det
GaussianMixture,межова точка,2.0,2,1.0,0,0,0,0,circles_det
GaussianMixture,межова точка,2.0,3,1.0,0,0,0,0,circles_det
GaussianMixture,межова точка,2.0,4,1.0,0,0,0,0,circles_det
GaussianMixture,1% точок,0.01,0,1.0,0,0,0,0,circles_det
GaussianMixture,1% точок,0.01,1,1.0,0,0,0,0,circles_det
GaussianMixture,1% точок,0.01,2,1.0,0,0,0,0,circles_det
GaussianMixture,1% точок,0.01,3,1.0,0,0,0,0,circles_det
GaussianMixture,1% точок,0.01,4,1.0,0,0,0,0,circles_det
GaussianMixture,1% точок,0.05,0,1.0,0,0,0,0,circles_det
GaussianMixture,1% точок,0.05,1,1.0,0,0,0,0,circles_det
GaussianMixture,1% точок,0.05,2,1.0,0,0,0,0,circles_det
GaussianMixture,1% точок,0.05,3,1.0,0,0,0,0,circles_det
GaussianMixture,1% точок,0.05,4,1.0,0,0,0,0,circles_det
GaussianMixture,1% точок,0.1,0,1.0,0,0,0,0,circles_det
GaussianMixture,1% точок,0.1,1,1.0,0,0,0,0,circles_det
GaussianMixture,1% точок,0.1,2,1.0,0,0,0,0,circles_det
GaussianMixture,1% точок,0.1,3,1.0,0,0,0,0,circles_det
GaussianMixture,1% точок,0.1,4,1.0,0,0,0,0,circles_det
GaussianMixture,1% точок,0.25,0,1.0,0,0,0,0,circles_det
GaussianMixture,1% точок,0.25,1,1.0,0,0,0,0,circles_det
GaussianMixture,1% точок,0.25,2,1.0,0,0,0,0,circles_det
GaussianMixture,1% точок,0.25,3,1.0,0,0,0,0,circles_det
GaussianMixture,1% точок,0.25,4,1.0,0,0,0,0,circles_det
GaussianMixture,1% точок,0.5,0,1.0,0,0,0,0,circles_det
GaussianMixture,1% точок,0.5,1,1.0,0,0,0,0,circles_det
GaussianMixture,1% точок,0.5,2,1.0,0,0,0,0,circles_det
GaussianMixture,1% точок,0.5,3,1.0,0,0,0,0,circles_det
GaussianMixture,1% точок,0.5,4,1.0,0,0,0,0,circles_det
GaussianMixture,1% точок,1.0,0,1.0,0,0,0,0,circles_det
GaussianMixture,1% точок,1.0,1,1.0,0,0,0,0,circles_det
GaussianMixture,1% точок,1.0,2,1.0,0,0,0,0,circles_det
GaussianMixture,1% точок,1.0,3,1.0,0,0,0,0,circles_det
GaussianMixture,1% точок,1.0,4,1.0,0,0,0,0,circles_det
GaussianMixture,1% точок,2.0,0,1.0,0,0,0,0,circles_det
GaussianMixture,1% точок,2.0,1,1.0,0,0,0,0,circles_det
GaussianMixture,1% точок,2.0,2,1.0,0,0,0,0,circles_det
GaussianMixture,1% точок,2.0,3,1.0,0,0,0,0,circles_det
GaussianMixture,1% точок,2.0,4,1.0,0,0,0,0,circles_det
GaussianMixture,5% точок,0.01,0,1.0,0,0,0,0,circles_det
GaussianMixture,5% точок,0.01,1,1.0,0,0,0,0,circles_det
GaussianMixture,5% точок,0.01,2,1.0,0,0,0,0,circles_det
GaussianMixture,5% точок,0.01,3,1.0,0,0,0,0,circles_det
GaussianMixture,5% точок,0.01,4,1.0,0,0,0,0,circles_det
GaussianMixture,5% точок,0.05,0,1.0,0,0,0,0,circles_det
GaussianMixture,5% точок,0.05,1,1.0,0,0,0,0,circles_det
GaussianMixture,5% точок,0.05,2,1.0,0,0,0,0,circles_det
GaussianMixture,5% точок,0.05,3,1.0,0,0,0,0,circles_det
GaussianMixture,5% точок,0.05,4,1.0,0,0,0,0,circles_det
GaussianMixture,5% точок,0.1,0,1.0,0,0,0,0,circles_det
GaussianMixture,5% точок,0.1,1,1.0,0,0,0,0,circles_det
GaussianMixture,5% точок,0.1,2,1.0,0,0,0,0,circles_det
GaussianMixture,5% точок,0.1,3,1.0,0,0,0,0,circles_det
GaussianMixture,5% точок,0.1,4,1.0,0,0,0,0,circles_det
GaussianMixture,5% точок,0.25,0,1.0,0,0,0,0,circles_det
GaussianMixture,5% точок,0.25,1,1.0,0,0,0,0,circles_det
GaussianMixture,5% точок,0.25,2,1.0,0,0,0,0,circles_det
GaussianMixture,5% точок,0.25,3,1.0,0,0,0,0,circles_det
GaussianMixture,5% точок,0.25,4,1.0,0,0,0,0,circles_det
GaussianMixture,5% точок,0.5,0,1.0,0,0,0,0,circles_det
GaussianMixture,5% точок,0.5,1,1.0,0,0,0,0,circles_det
GaussianMixture,5% точок,0.5,2,1.0,0,0,0,0,circles_det
GaussianMixture,5% точок,0.5,3,1.0,0,0,0,0,circles_det
GaussianMixture,5% точок,0.5,4,1.0,0,0,0,0,circles_det
GaussianMixture,5% точок,1.0,0,1.0,0,0,0,0,circles_det
GaussianMixture,5% точок,1.0,1,1.0,0,0,0,0,circles_det
GaussianMixture,5% точок,1.0,2,1.0,0,0,0,0,circles_det
GaussianMixture,5% точок,1.0,3,1.0,0,0,0,0,circles_det
GaussianMixture,5% точок,1.0,4,1.0,0,0,0,0,circles_det
GaussianMixture,5% точок,2.0,0,1.0,0,0,0,0,circles_det
GaussianMixture,5% точок,2.0,1,1.0,0,0,0,0,circles_det
GaussianMixture,5% точок,2.0,2,1.0,0,0,0,0,circles_det
GaussianMixture,5% точок,2.0,3,1.0,0,0,0,0,circles_det
GaussianMixture,5% точок,2.0,4,1.0,0,0,0,0,circles_det
GaussianMixture,10% точок,0.01,0,1.0,0,0,0,0,circles_det
GaussianMixture,10% точок,0.01,1,1.0,0,0,0,0,circles_det
GaussianMixture,10% точок,0.01,2,1.0,0,0,0,0,circles_det
GaussianMixture,10% точок,0.01,3,1.0,0,0,0,0,circles_det
GaussianMixture,10% точок,0.01,4,1.0,0,0,0,0,circles_det
GaussianMixture,10% точок,0.05,0,1.0,0,0,0,0,circles_det
GaussianMixture,10% точок,0.05,1,1.0,0,0,0,0,circles_det
GaussianMixture,10% точок,0.05,2,1.0,0,0,0,0,circles_det
GaussianMixture,10% точок,0.05,3,1.0,0,0,0,0,circles_det
GaussianMixture,10% точок,0.05,4,1.0,0,0,0,0,circles_det
GaussianMixture,10% точок,0.1,0,1.0,0,0,0,0,circles_det
GaussianMixture,10% точок,0.1,1,1.0,0,0,0,0,circles_det
GaussianMixture,10% точок,0.1,2,1.0,0,0,0,0,circles_det
GaussianMixture,10% точок,0.1,3,1.0,0,0,0,0,circles_det
GaussianMixture,10% точок,0.1,4,1.0,0,0,0,0,circles_det
GaussianMixture,10% точок,0.25,0,1.0,0,0,0,0,circles_det
GaussianMixture,10% точок,0.25,1,1.0,0,0,0,0,circles_det
GaussianMixture,10% точок,0.25,2,1.0,0,0,0,0,circles_det
GaussianMixture,10% точок,0.25,3,1.0,0,0,0,0,circles_det
GaussianMixture,10% точок,0.25,4,1.0,0,0,0,0,circles_det
GaussianMixture,10% точок,0.5,0,1.0,0,0,0,0,circles_det
GaussianMixture,10% точок,0.5,1,1.0,0,0,0,0,circles_det
GaussianMixture,10% точок,0.5,2,1.0,0,0,0,0,circles_det
GaussianMixture,10% точок,0.5,3,1.0,0,0,0,0,circles_det
GaussianMixture,10% точок,0.5,4,1.0,0,0,0,0,circles_det
GaussianMixture,10% точок,1.0,0,1.0,0,0,0,0,circles_det
GaussianMixture,10% точок,1.0,1,1.0,0,0,0,0,circles_det
GaussianMixture,10% точок,1.0,2,1.0,0,0,0,0,circles_det
GaussianMixture,10% точок,1.0,3,1.0,0,0,0,0,circles_det
GaussianMixture,10% точок,1.0,4,1.0,0,0,0,0,circles_det
GaussianMixture,10% точок,2.0,0,1.0,0,0,0,0,circles_det
GaussianMixture,10% точок,2.0,1,1.0,0,0,0,0,circles_det
GaussianMixture,10% точок,2.0,2,1.0,0,0,0,0,circles_det
GaussianMixture,10% точок,2.0,3,1.0,0,0,0,0,circles_det
GaussianMixture,10% точок,2.0,4,1.0,0,0,0,0,circles_det
DBSCAN,внутрішня точка,0.01,0,1.0,0,0,0,0,circles_det
DBSCAN,внутрішня точка,0.01,1,1.0,0,0,0,0,circles_det
DBSCAN,внутрішня точка,0.01,2,1.0,0,0,0,0,circles_det
DBSCAN,внутрішня точка,0.01,3,1.0,0,0,0,0,circles_det
DBSCAN,внутрішня точка,0.01,4,1.0,0,0,0,0,circles_det
DBSCAN,внутрішня точка,0.05,0,1.0,0,0,0,0,circles_det
DBSCAN,внутрішня точка,0.05,1,1.0,0,0,0,0,circles_det
DBSCAN,внутрішня точка,0.05,2,1.0,0,0,0,0,circles_det
DBSCAN,внутрішня точка,0.05,3,1.0,0,0,0,0,circles_det
DBSCAN,внутрішня точка,0.05,4,1.0,0,0,0,0,circles_det
DBSCAN,внутрішня точка,0.1,0,1.0,0,0,0,0,circles_det
DBSCAN,внутрішня точка,0.1,1,1.0,0,0,0,0,circles_det
DBSCAN,внутрішня точка,0.1,2,1.0,0,0,0,0,circles_det
DBSCAN,внутрішня точка,0.1,3,1.0,0,0,0,0,circles_det
DBSCAN,внутрішня точка,0.1,4,1.0,0,0,0,0,circles_det
DBSCAN,внутрішня точка,0.25,0,1.0,0,0,0,0,circles_det
DBSCAN,внутрішня точка,0.25,1,1.0,0,0,0,0,circles_det
DBSCAN,внутрішня точка,0.25,2,1.0,0,0,0,0,circles_det
DBSCAN,внутрішня точка,0.25,3,1.0,0,0,0,0,circles_det
DBSCAN,внутрішня точка,0.25,4,1.0,0,0,0,0,circles_det
DBSCAN,внутрішня точка,0.5,0,1.0,0,0,0,0,circles_det
DBSCAN,внутрішня точка,0.5,1,1.0,0,0,0,0,circles_det
DBSCAN,внутрішня точка,0.5,2,1.0,0,0,0,0,circles_det
DBSCAN,внутрішня точка,0.5,3,1.0,0,0,0,0,circles_det
DBSCAN,внутрішня точка,0.5,4,1.0,0,0,0,0,circles_det
DBSCAN,внутрішня точка,1.0,0,1.0,0,0,0,0,circles_det
DBSCAN,внутрішня точка,1.0,1,1.0,0,0,0,0,circles_det
DBSCAN,внутрішня точка,1.0,2,1.0,0,0,0,0,circles_det
DBSCAN,внутрішня точка,1.0,3,1.0,0,0,0,0,circles_det
DBSCAN,внутрішня точка,1.0,4,1.0,0,0,0,0,circles_det
DBSCAN,внутрішня точка,2.0,0,0.9977106831692901,1,1,0,0,circles_det
DBSCAN,внутрішня точка,2.0,1,1.0,0,0,0,0,circles_det
DBSCAN,внутрішня точка,2.0,2,0.9977106831692901,1,1,0,0,circles_det
DBSCAN,внутрішня точка,2.0,3,1.0,0,0,0,0,circles_det
DBSCAN,внутрішня точка,2.0,4,0.9977106831692901,1,1,0,0,circles_det
DBSCAN,межова точка,0.01,0,1.0,0,0,0,0,circles_det
DBSCAN,межова точка,0.01,1,1.0,0,0,0,0,circles_det
DBSCAN,межова точка,0.01,2,1.0,0,0,0,0,circles_det
DBSCAN,межова точка,0.01,3,1.0,0,0,0,0,circles_det
DBSCAN,межова точка,0.01,4,1.0,0,0,0,0,circles_det
DBSCAN,межова точка,0.05,0,1.0,0,0,0,0,circles_det
DBSCAN,межова точка,0.05,1,1.0,0,0,0,0,circles_det
DBSCAN,межова точка,0.05,2,1.0,0,0,0,0,circles_det
DBSCAN,межова точка,0.05,3,1.0,0,0,0,0,circles_det
DBSCAN,межова точка,0.05,4,1.0,0,0,0,0,circles_det
DBSCAN,межова точка,0.1,0,1.0,0,0,0,0,circles_det
DBSCAN,межова точка,0.1,1,1.0,0,0,0,0,circles_det
DBSCAN,межова точка,0.1,2,1.0,0,0,0,0,circles_det
DBSCAN,межова точка,0.1,3,1.0,0,0,0,0,circles_det
DBSCAN,межова точка,0.1,4,1.0,0,0,0,0,circles_det
DBSCAN,межова точка,0.25,0,1.0,0,0,0,0,circles_det
DBSCAN,межова точка,0.25,1,1.0,0,0,0,0,circles_det
DBSCAN,межова точка,0.25,2,1.0,0,0,0,0,circles_det
DBSCAN,межова точка,0.25,3,1.0,0,0,0,0,circles_det
DBSCAN,межова точка,0.25,4,1.0,0,0,0,0,circles_det
DBSCAN,межова точка,0.5,0,1.0,0,0,0,0,circles_det
DBSCAN,межова точка,0.5,1,1.0,0,0,0,0,circles_det
DBSCAN,межова точка,0.5,2,1.0,0,0,0,0,circles_det
DBSCAN,межова точка,0.5,3,1.0,0,0,0,0,circles_det
DBSCAN,межова точка,0.5,4,1.0,0,0,0,0,circles_det
DBSCAN,межова точка,1.0,0,1.0,0,0,0,0,circles_det
DBSCAN,межова точка,1.0,1,0.9977106831692901,1,1,0,0,circles_det
DBSCAN,межова точка,1.0,2,0.9977106831692901,1,1,0,0,circles_det
DBSCAN,межова точка,1.0,3,1.0,0,0,0,0,circles_det
DBSCAN,межова точка,1.0,4,0.9977106831692901,1,1,0,0,circles_det
DBSCAN,межова точка,2.0,0,0.9977106831692901,1,1,0,0,circles_det
DBSCAN,межова точка,2.0,1,0.9977106831692901,1,1,0,0,circles_det
DBSCAN,межова точка,2.0,2,0.9977106831692901,1,1,0,0,circles_det
DBSCAN,межова точка,2.0,3,0.9977106831692901,1,1,0,0,circles_det
DBSCAN,межова точка,2.0,4,1.0,0,0,0,0,circles_det
DBSCAN,1% точок,0.01,0,1.0,0,0,0,0,circles_det
DBSCAN,1% точок,0.01,1,1.0,0,0,0,0,circles_det
DBSCAN,1% точок,0.01,2,1.0,0,0,0,0,circles_det
DBSCAN,1% точок,0.01,3,1.0,0,0,0,0,circles_det
DBSCAN,1% точок,0.01,4,1.0,0,0,0,0,circles_det
DBSCAN,1% точок,0.05,0,1.0,0,0,0,0,circles_det
DBSCAN,1% точок,0.05,1,1.0,0,0,0,0,circles_det
DBSCAN,1% точок,0.05,2,1.0,0,0,0,0,circles_det
DBSCAN,1% точок,0.05,3,1.0,0,0,0,0,circles_det
DBSCAN,1% точок,0.05,4,1.0,0,0,0,0,circles_det
DBSCAN,1% точок,0.1,0,1.0,0,0,0,0,circles_det
DBSCAN,1% точок,0.1,1,1.0,0,0,0,0,circles_det
DBSCAN,1% точок,0.1,2,1.0,0,0,0,0,circles_det
DBSCAN,1% точок,0.1,3,1.0,0,0,0,0,circles_det
DBSCAN,1% точок,0.1,4,1.0,0,0,0,0,circles_det
DBSCAN,1% точок,0.25,0,1.0,0,0,0,0,circles_det
DBSCAN,1% точок,0.25,1,1.0,0,0,0,0,circles_det
DBSCAN,1% точок,0.25,2,1.0,0,0,0,0,circles_det
DBSCAN,1% точок,0.25,3,1.0,0,0,0,0,circles_det
DBSCAN,1% точок,0.25,4,1.0,0,0,0,0,circles_det
DBSCAN,1% точок,0.5,0,1.0,0,0,0,0,circles_det
DBSCAN,1% точок,0.5,1,1.0,0,0,0,0,circles_det
DBSCAN,1% точок,0.5,2,1.0,0,0,0,0,circles_det
DBSCAN,1% точок,0.5,3,0.9961698293972636,1,1,0,0,circles_det
DBSCAN,1% точок,0.5,4,1.0,0,0,0,0,circles_det
DBSCAN,1% точок,1.0,0,1.0,0,0,0,0,circles_det
DBSCAN,1% точок,1.0,1,1.0,0,0,0,0,circles_det
DBSCAN,1% точок,1.0,2,1.0,0,0,0,0,circles_det
DBSCAN,1% точок,1.0,3,0.9969404390934493,1,1,0,0,circles_det
DBSCAN,1% точок,1.0,4,0.9969404390934493,1,1,0,0,circles_det
DBSCAN,1% точок,2.0,0,0.9977106831692901,1,1,0,0,circles_det
DBSCAN,1% точок,2.0,1,0.992369233350478,2,2,0,0,circles_det
DBSCAN,1% точок,2.0,2,0.9946275758870333,2,2,0,0,circles_det
DBSCAN,1% точок,2.0,3,0.9923501000694592,3,3,0,0,circles_det
DBSCAN,1% точок,2.0,4,0.9923501000694592,3,3,0,0,circles_det
DBSCAN,5% точок,0.01,0,1.0,0,0,0,0,circles_det
DBSCAN,5% точок,0.01,1,1.0,0,0,0,0,circles_det
DBSCAN,5% точок,0.01,2,1.0,0,0,0,0,circles_det
DBSCAN,5% точок,0.01,3,1.0,0,0,0,0,circles_det
DBSCAN,5% точок,0.01,4,1.0,0,0,0,0,circles_det
DBSCAN,5% точок,0.05,0,1.0,0,0,0,0,circles_det
DBSCAN,5% точок,0.05,1,1.0,0,0,0,0,circles_det
DBSCAN,5% точок,0.05,2,1.0,0,0,0,0,circles_det
DBSCAN,5% точок,0.05,3,1.0,0,0,0,0,circles_det
DBSCAN,5% точок,0.05,4,1.0,0,0,0,0,circles_det
DBSCAN,5% точок,0.1,0,1.0,0,0,0,0,circles_det
DBSCAN,5% точок,0.1,1,1.0,0,0,0,0,circles_det
DBSCAN,5% точок,0.1,2,1.0,0,0,0,0,circles_det
DBSCAN,5% точок,0.1,3,1.0,0,0,0,0,circles_det
DBSCAN,5% точок,0.1,4,1.0,0,0,0,0,circles_det
DBSCAN,5% точок,0.25,0,1.0,0,0,0,0,circles_det
DBSCAN,5% точок,0.25,1,1.0,0,0,0,0,circles_det
DBSCAN,5% точок,0.25,2,1.0,0,0,0,0,circles_det
DBSCAN,5% точок,0.25,3,1.0,0,0,0,0,circles_det
DBSCAN,5% точок,0.25,4,1.0,0,0,0,0,circles_det
DBSCAN,5% точок,0.5,0,0.9915773279500145,3,3,0,0,circles_det
DBSCAN,5% точок,0.5,1,0.9977106831692901,1,1,0,0,circles_det
DBSCAN,5% точок,0.5,2,1.0,0,0,0,0,circles_det
DBSCAN,5% точок,0.5,3,0.9961698293972636,1,1,0,0,circles_det
DBSCAN,5% точок,0.5,4,1.0,0,0,0,0,circles_det
DBSCAN,5% точок,1.0,0,0.9915773279500145,3,3,0,0,circles_det
DBSCAN,5% точок,1.0,1,0.9930838113501331,2,2,0,0,circles_det
DBSCAN,5% точок,1.0,2,0.9923501000694592,3,3,0,0,circles_det
DBSCAN,5% точок,1.0,3,0.9861773380309702,4,4,0,0,circles_det
DBSCAN,5% точок,1.0,4,0.9854596635305879,4,4,0,0,circles_det
DBSCAN,5% точок,2.0,0,0.967327600907824,10,10,0,0,circles_det
DBSCAN,5% точок,2.0,1,0.9710696288504781,10,10,0,0,circles_det
DBSCAN,5% точок,2.0,2,0.9768490223136559,8,8,0,0,circles_det
DBSCAN,5% точок,2.0,3,0.9730036338546675,8,8,0,0,circles_det
DBSCAN,5% точок,2.0,4,0.9635304490812611,12,12,0,0,circles_det
DBSCAN,10% точок,0.01,0,1.0,0,0,0,0,circles_det
DBSCAN,10% точок,0.01,1,1.0,0,0,0,0,circles_det
DBSCAN,10% точок,0.01,2,1.0,0,0,0,0,circles_det
DBSCAN,10% точок,0.01,3,1.0,0,0,0,0,circles_det
DBSCAN,10% точок,0.01,4,1.0,0,0,0,0,circles_det
DBSCAN,10% точок,0.05,0,1.0,0,0,0,0,circles_det
DBSCAN,10% точок,0.05,1,1.0,0,0,0,0,circles_det
DBSCAN,10% точок,0.05,2,1.0,0,0,0,0,circles_det
DBSCAN,10% точок,0.05,3,1.0,0,0,0,0,circles_det
DBSCAN,10% точок,0.05,4,1.0,0,0,0,0,circles_det
DBSCAN,10% точок,0.1,0,1.0,0,0,0,0,circles_det
DBSCAN,10% точок,0.1,1,1.0,0,0,0,0,circles_det
DBSCAN,10% точок,0.1,2,1.0,0,0,0,0,circles_det
DBSCAN,10% точок,0.1,3,1.0,0,0,0,0,circles_det
DBSCAN,10% точок,0.1,4,1.0,0,0,0,0,circles_det
DBSCAN,10% точок,0.25,0,0.9961698293972636,1,1,0,0,circles_det
DBSCAN,10% точок,0.25,1,1.0,0,0,0,0,circles_det
DBSCAN,10% точок,0.25,2,1.0,0,0,0,0,circles_det
DBSCAN,10% точок,0.25,3,1.0,0,0,0,0,circles_det
DBSCAN,10% точок,0.25,4,1.0,0,0,0,0,circles_det
DBSCAN,10% точок,0.5,0,0.9930838113501331,2,2,0,0,circles_det
DBSCAN,10% точок,0.5,1,0.9915773279500145,3,3,0,0,circles_det
DBSCAN,10% точок,0.5,2,0.9961698293972636,1,1,0,0,circles_det
DBSCAN,10% точок,0.5,3,1.0,0,0,0,0,circles_det
DBSCAN,10% точок,0.5,4,0.9969404390934493,1,1,0,0,circles_det
DBSCAN,10% точок,1.0,0,0.986235336132648,4,4,0,0,circles_det
DBSCAN,10% точок,1.0,1,0.97684764071988,7,6,1,0,circles_det
DBSCAN,10% точок,1.0,2,0.97684764071988,7,7,0,0,circles_det
DBSCAN,10% точок,1.0,3,0.9876696506854229,4,4,0,0,circles_det
DBSCAN,10% точок,1.0,4,0.9799436615396232,6,6,0,0,circles_det
DBSCAN,10% точок,2.0,0,0.9713637361744067,9,9,0,0,circles_det
DBSCAN,10% точок,2.0,1,0.9816159526834837,6,6,0,0,circles_det
DBSCAN,10% точок,2.0,2,0.97684764071988,7,7,0,0,circles_det
DBSCAN,10% точок,2.0,3,0.9681947247825078,10,10,0,0,circles_det
DBSCAN,10% точок,2.0,4,0.9717137368643571,9,9,0,0,circles_det
Agglomerative(Ward),внутрішня точка,0.01,0,1.0,0,0,0,0,circles_det
Agglomerative(Ward),внутрішня точка,0.01,1,1.0,0,0,0,0,circles_det
Agglomerative(Ward),внутрішня точка,0.01,2,1.0,0,0,0,0,circles_det
Agglomerative(Ward),внутрішня точка,0.01,3,1.0,0,0,0,0,circles_det
Agglomerative(Ward),внутрішня точка,0.01,4,1.0,0,0,0,0,circles_det
Agglomerative(Ward),внутрішня точка,0.05,0,1.0,0,0,0,0,circles_det
Agglomerative(Ward),внутрішня точка,0.05,1,1.0,0,0,0,0,circles_det
Agglomerative(Ward),внутрішня точка,0.05,2,1.0,0,0,0,0,circles_det
Agglomerative(Ward),внутрішня точка,0.05,3,1.0,0,0,0,0,circles_det
Agglomerative(Ward),внутрішня точка,0.05,4,1.0,0,0,0,0,circles_det
Agglomerative(Ward),внутрішня точка,0.1,0,1.0,0,0,0,0,circles_det
Agglomerative(Ward),внутрішня точка,0.1,1,1.0,0,0,0,0,circles_det
Agglomerative(Ward),внутрішня точка,0.1,2,1.0,0,0,0,0,circles_det
Agglomerative(Ward),внутрішня точка,0.1,3,1.0,0,0,0,0,circles_det
Agglomerative(Ward),внутрішня точка,0.1,4,1.0,0,0,0,0,circles_det
Agglomerative(Ward),внутрішня точка,0.25,0,1.0,0,0,0,0,circles_det
Agglomerative(Ward),внутрішня точка,0.25,1,1.0,0,0,0,0,circles_det
Agglomerative(Ward),внутрішня точка,0.25,2,1.0,0,0,0,0,circles_det
Agglomerative(Ward),внутрішня точка,0.25,3,1.0,0,0,0,0,circles_det
Agglomerative(Ward),внутрішня точка,0.25,4,1.0,0,0,0,0,circles_det
Agglomerative(Ward),внутрішня точка,0.5,0,1.0,0,0,0,0,circles_det
Agglomerative(Ward),внутрішня точка,0.5,1,1.0,0,0,0,0,circles_det
Agglomerative(Ward),внутрішня точка,0.5,2,1.0,0,0,0,0,circles_det
Agglomerative(Ward),внутрішня точка,0.5,3,1.0,0,0,0,0,circles_det
Agglomerative(Ward),внутрішня точка,0.5,4,1.0,0,0,0,0,circles_det
Agglomerative(Ward),внутрішня точка,1.0,0,1.0,0,0,0,0,circles_det
Agglomerative(Ward),внутрішня точка,1.0,1,1.0,0,0,0,0,circles_det
Agglomerative(Ward),внутрішня точка,1.0,2,1.0,0,0,0,0,circles_det
Agglomerative(Ward),внутрішня точка,1.0,3,1.0,0,0,0,0,circles_det
Agglomerative(Ward),внутрішня точка,1.0,4,1.0,0,0,0,0,circles_det
Agglomerative(Ward),внутрішня точка,2.0,0,1.0,0,0,0,0,circles_det
Agglomerative(Ward),внутрішня точка,2.0,1,1.0,0,0,0,0,circles_det
Agglomerative(Ward),внутрішня точка,2.0,2,1.0,0,0,0,0,circles_det
Agglomerative(Ward),внутрішня точка,2.0,3,1.0,0,0,0,0,circles_det
Agglomerative(Ward),внутрішня точка,2.0,4,1.0,0,0,0,0,circles_det
Agglomerative(Ward),межова точка,0.01,0,1.0,0,0,0,0,circles_det
Agglomerative(Ward),межова точка,0.01,1,1.0,0,0,0,0,circles_det
Agglomerative(Ward),межова точка,0.01,2,1.0,0,0,0,0,circles_det
Agglomerative(Ward),межова точка,0.01,3,1.0,0,0,0,0,circles_det
Agglomerative(Ward),межова точка,0.01,4,1.0,0,0,0,0,circles_det
Agglomerative(Ward),межова точка,0.05,0,1.0,0,0,0,0,circles_det
Agglomerative(Ward),межова точка,0.05,1,1.0,0,0,0,0,circles_det
Agglomerative(Ward),межова точка,0.05,2,1.0,0,0,0,0,circles_det
Agglomerative(Ward),межова точка,0.05,3,1.0,0,0,0,0,circles_det
Agglomerative(Ward),межова точка,0.05,4,1.0,0,0,0,0,circles_det
Agglomerative(Ward),межова точка,0.1,0,1.0,0,0,0,0,circles_det
Agglomerative(Ward),межова точка,0.1,1,1.0,0,0,0,0,circles_det
Agglomerative(Ward),межова точка,0.1,2,1.0,0,0,0,0,circles_det
Agglomerative(Ward),межова точка,0.1,3,1.0,0,0,0,0,circles_det
Agglomerative(Ward),межова точка,0.1,4,1.0,0,0,0,0,circles_det
Agglomerative(Ward),межова точка,0.25,0,1.0,0,0,0,0,circles_det
Agglomerative(Ward),межова точка,0.25,1,1.0,0,0,0,0,circles_det
Agglomerative(Ward),межова точка,0.25,2,1.0,0,0,0,0,circles_det
Agglomerative(Ward),межова точка,0.25,3,1.0,0,0,0,0,circles_det
Agglomerative(Ward),межова точка,0.25,4,1.0,0,0,0,0,circles_det
Agglomerative(Ward),межова точка,0.5,0,1.0,0,0,0,0,circles_det
Agglomerative(Ward),межова точка,0.5,1,1.0,0,0,0,0,circles_det
Agglomerative(Ward),межова точка,0.5,2,1.0,0,0,0,0,circles_det
Agglomerative(Ward),межова точка,0.5,3,1.0,0,0,0,0,circles_det
Agglomerative(Ward),межова точка,0.5,4,1.0,0,0,0,0,circles_det
Agglomerative(Ward),межова точка,1.0,0,1.0,0,0,0,0,circles_det
Agglomerative(Ward),межова точка,1.0,1,1.0,0,0,0,0,circles_det
Agglomerative(Ward),межова точка,1.0,2,1.0,0,0,0,0,circles_det
Agglomerative(Ward),межова точка,1.0,3,1.0,0,0,0,0,circles_det
Agglomerative(Ward),межова точка,1.0,4,1.0,0,0,0,0,circles_det
Agglomerative(Ward),межова точка,2.0,0,1.0,0,0,0,0,circles_det
Agglomerative(Ward),межова точка,2.0,1,1.0,0,0,0,0,circles_det
Agglomerative(Ward),межова точка,2.0,2,1.0,0,0,0,0,circles_det
Agglomerative(Ward),межова точка,2.0,3,1.0,0,0,0,0,circles_det
Agglomerative(Ward),межова точка,2.0,4,1.0,0,0,0,0,circles_det
Agglomerative(Ward),1% точок,0.01,0,1.0,0,0,0,0,circles_det
Agglomerative(Ward),1% точок,0.01,1,1.0,0,0,0,0,circles_det
Agglomerative(Ward),1% точок,0.01,2,1.0,0,0,0,0,circles_det
Agglomerative(Ward),1% точок,0.01,3,1.0,0,0,0,0,circles_det
Agglomerative(Ward),1% точок,0.01,4,1.0,0,0,0,0,circles_det
Agglomerative(Ward),1% точок,0.05,0,1.0,0,0,0,0,circles_det
Agglomerative(Ward),1% точок,0.05,1,1.0,0,0,0,0,circles_det
Agglomerative(Ward),1% точок,0.05,2,1.0,0,0,0,0,circles_det
Agglomerative(Ward),1% точок,0.05,3,1.0,0,0,0,0,circles_det
Agglomerative(Ward),1% точок,0.05,4,1.0,0,0,0,0,circles_det
Agglomerative(Ward),1% точок,0.1,0,1.0,0,0,0,0,circles_det
Agglomerative(Ward),1% точок,0.1,1,1.0,0,0,0,0,circles_det
Agglomerative(Ward),1% точок,0.1,2,1.0,0,0,0,0,circles_det
Agglomerative(Ward),1% точок,0.1,3,1.0,0,0,0,0,circles_det
Agglomerative(Ward),1% точок,0.1,4,1.0,0,0,0,0,circles_det
Agglomerative(Ward),1% точок,0.25,0,1.0,0,0,0,0,circles_det
Agglomerative(Ward),1% точок,0.25,1,1.0,0,0,0,0,circles_det
Agglomerative(Ward),1% точок,0.25,2,1.0,0,0,0,0,circles_det
Agglomerative(Ward),1% точок,0.25,3,1.0,0,0,0,0,circles_det
Agglomerative(Ward),1% точок,0.25,4,1.0,0,0,0,0,circles_det
Agglomerative(Ward),1% точок,0.5,0,1.0,0,0,0,0,circles_det
Agglomerative(Ward),1% точок,0.5,1,1.0,0,0,0,0,circles_det
Agglomerative(Ward),1% точок,0.5,2,1.0,0,0,0,0,circles_det
Agglomerative(Ward),1% точок,0.5,3,1.0,0,0,0,0,circles_det
Agglomerative(Ward),1% точок,0.5,4,1.0,0,0,0,0,circles_det
Agglomerative(Ward),1% точок,1.0,0,1.0,0,0,0,0,circles_det
Agglomerative(Ward),1% точок,1.0,1,1.0,0,0,0,0,circles_det
Agglomerative(Ward),1% точок,1.0,2,1.0,0,0,0,0,circles_det
Agglomerative(Ward),1% точок,1.0,3,1.0,0,0,0,0,circles_det
Agglomerative(Ward),1% точок,1.0,4,1.0,0,0,0,0,circles_det
Agglomerative(Ward),1% точок,2.0,0,1.0,0,0,0,0,circles_det
Agglomerative(Ward),1% точок,2.0,1,1.0,0,0,0,0,circles_det
Agglomerative(Ward),1% точок,2.0,2,1.0,0,0,0,0,circles_det
Agglomerative(Ward),1% точок,2.0,3,1.0,0,0,0,0,circles_det
Agglomerative(Ward),1% точок,2.0,4,1.0,0,0,0,0,circles_det
Agglomerative(Ward),5% точок,0.01,0,1.0,0,0,0,0,circles_det
Agglomerative(Ward),5% точок,0.01,1,1.0,0,0,0,0,circles_det
Agglomerative(Ward),5% точок,0.01,2,1.0,0,0,0,0,circles_det
Agglomerative(Ward),5% точок,0.01,3,1.0,0,0,0,0,circles_det
Agglomerative(Ward),5% точок,0.01,4,1.0,0,0,0,0,circles_det
Agglomerative(Ward),5% точок,0.05,0,1.0,0,0,0,0,circles_det
Agglomerative(Ward),5% точок,0.05,1,1.0,0,0,0,0,circles_det
Agglomerative(Ward),5% точок,0.05,2,1.0,0,0,0,0,circles_det
Agglomerative(Ward),5% точок,0.05,3,1.0,0,0,0,0,circles_det
Agglomerative(Ward),5% точок,0.05,4,1.0,0,0,0,0,circles_det
Agglomerative(Ward),5% точок,0.1,0,1.0,0,0,0,0,circles_det
Agglomerative(Ward),5% точок,0.1,1,1.0,0,0,0,0,circles_det
Agglomerative(Ward),5% точок,0.1,2,1.0,0,0,0,0,circles_det
Agglomerative(Ward),5% точок,0.1,3,1.0,0,0,0,0,circles_det
Agglomerative(Ward),5% точок,0.1,4,1.0,0,0,0,0,circles_det
Agglomerative(Ward),5% точок,0.25,0,1.0,0,0,0,0,circles_det
Agglomerative(Ward),5% точок,0.25,1,1.0,0,0,0,0,circles_det
Agglomerative(Ward),5% точок,0.25,2,1.0,0,0,0,0,circles_det
Agglomerative(Ward),5% точок,0.25,3,1.0,0,0,0,0,circles_det
Agglomerative(Ward),5% точок,0.25,4,1.0,0,0,0,0,circles_det
Agglomerative(Ward),5% точок,0.5,0,1.0,0,0,0,0,circles_det
Agglomerative(Ward),5% точок,0.5,1,1.0,0,0,0,0,circles_det
Agglomerative(Ward),5% точок,0.5,2,1.0,0,0,0,0,circles_det
Agglomerative(Ward),5% точок,0.5,3,1.0,0,0,0,0,circles_det
Agglomerative(Ward),5% точок,0.5,4,1.0,0,0,0,0,circles_det
Agglomerative(Ward),5% точок,1.0,0,1.0,0,0,0,0,circles_det
Agglomerative(Ward),5% точок,1.0,1,1.0,0,0,0,0,circles_det
Agglomerative(Ward),5% точок,1.0,2,1.0,0,0,0,0,circles_det
Agglomerative(Ward),5% точок,1.0,3,1.0,0,0,0,0,circles_det
Agglomerative(Ward),5% точок,1.0,4,1.0,0,0,0,0,circles_det
Agglomerative(Ward),5% точок,2.0,0,1.0,0,0,0,0,circles_det
Agglomerative(Ward),5% точок,2.0,1,1.0,0,0,0,0,circles_det
Agglomerative(Ward),5% точок,2.0,2,1.0,0,0,0,0,circles_det
Agglomerative(Ward),5% точок,2.0,3,1.0,0,0,0,0,circles_det
Agglomerative(Ward),5% точок,2.0,4,1.0,0,0,0,0,circles_det
Agglomerative(Ward),10% точок,0.01,0,1.0,0,0,0,0,circles_det
Agglomerative(Ward),10% точок,0.01,1,1.0,0,0,0,0,circles_det
Agglomerative(Ward),10% точок,0.01,2,1.0,0,0,0,0,circles_det
Agglomerative(Ward),10% точок,0.01,3,1.0,0,0,0,0,circles_det
Agglomerative(Ward),10% точок,0.01,4,1.0,0,0,0,0,circles_det
Agglomerative(Ward),10% точок,0.05,0,1.0,0,0,0,0,circles_det
Agglomerative(Ward),10% точок,0.05,1,1.0,0,0,0,0,circles_det
Agglomerative(Ward),10% точок,0.05,2,1.0,0,0,0,0,circles_det
Agglomerative(Ward),10% точок,0.05,3,1.0,0,0,0,0,circles_det
Agglomerative(Ward),10% точок,0.05,4,1.0,0,0,0,0,circles_det
Agglomerative(Ward),10% точок,0.1,0,1.0,0,0,0,0,circles_det
Agglomerative(Ward),10% точок,0.1,1,1.0,0,0,0,0,circles_det
Agglomerative(Ward),10% точок,0.1,2,1.0,0,0,0,0,circles_det
Agglomerative(Ward),10% точок,0.1,3,1.0,0,0,0,0,circles_det
Agglomerative(Ward),10% точок,0.1,4,1.0,0,0,0,0,circles_det
Agglomerative(Ward),10% точок,0.25,0,1.0,0,0,0,0,circles_det
Agglomerative(Ward),10% точок,0.25,1,1.0,0,0,0,0,circles_det
Agglomerative(Ward),10% точок,0.25,2,1.0,0,0,0,0,circles_det
Agglomerative(Ward),10% точок,0.25,3,1.0,0,0,0,0,circles_det
Agglomerative(Ward),10% точок,0.25,4,1.0,0,0,0,0,circles_det
Agglomerative(Ward),10% точок,0.5,0,1.0,0,0,0,0,circles_det
Agglomerative(Ward),10% точок,0.5,1,1.0,0,0,0,0,circles_det
Agglomerative(Ward),10% точок,0.5,2,1.0,0,0,0,0,circles_det
Agglomerative(Ward),10% точок,0.5,3,1.0,0,0,0,0,circles_det
Agglomerative(Ward),10% точок,0.5,4,1.0,0,0,0,0,circles_det
Agglomerative(Ward),10% точок,1.0,0,1.0,0,0,0,0,circles_det
Agglomerative(Ward),10% точок,1.0,1,1.0,0,0,0,0,circles_det
Agglomerative(Ward),10% точок,1.0,2,1.0,0,0,0,0,circles_det
Agglomerative(Ward),10% точок,1.0,3,1.0,0,0,0,0,circles_det
Agglomerative(Ward),10% точок,1.0,4,1.0,0,0,0,0,circles_det
Agglomerative(Ward),10% точок,2.0,0,1.0,0,0,0,0,circles_det
Agglomerative(Ward),10% точок,2.0,1,1.0,0,0,0,0,circles_det
Agglomerative(Ward),10% точок,2.0,2,1.0,0,0,0,0,circles_det
Agglomerative(Ward),10% точок,2.0,3,1.0,0,0,0,0,circles_det
Agglomerative(Ward),10% точок,2.0,4,1.0,0,0,0,0,circles_det
DBSCAN(фікс. eps),внутрішня точка,0.01,0,1.0,0,0,0,0,circles_det
DBSCAN(фікс. eps),внутрішня точка,0.01,1,1.0,0,0,0,0,circles_det
DBSCAN(фікс. eps),внутрішня точка,0.01,2,1.0,0,0,0,0,circles_det
DBSCAN(фікс. eps),внутрішня точка,0.01,3,1.0,0,0,0,0,circles_det
DBSCAN(фікс. eps),внутрішня точка,0.01,4,1.0,0,0,0,0,circles_det
DBSCAN(фікс. eps),внутрішня точка,0.05,0,1.0,0,0,0,0,circles_det
DBSCAN(фікс. eps),внутрішня точка,0.05,1,1.0,0,0,0,0,circles_det
DBSCAN(фікс. eps),внутрішня точка,0.05,2,1.0,0,0,0,0,circles_det
DBSCAN(фікс. eps),внутрішня точка,0.05,3,1.0,0,0,0,0,circles_det
DBSCAN(фікс. eps),внутрішня точка,0.05,4,1.0,0,0,0,0,circles_det
DBSCAN(фікс. eps),внутрішня точка,0.1,0,1.0,0,0,0,0,circles_det
DBSCAN(фікс. eps),внутрішня точка,0.1,1,1.0,0,0,0,0,circles_det
DBSCAN(фікс. eps),внутрішня точка,0.1,2,1.0,0,0,0,0,circles_det
DBSCAN(фікс. eps),внутрішня точка,0.1,3,1.0,0,0,0,0,circles_det
DBSCAN(фікс. eps),внутрішня точка,0.1,4,1.0,0,0,0,0,circles_det
DBSCAN(фікс. eps),внутрішня точка,0.25,0,1.0,0,0,0,0,circles_det
DBSCAN(фікс. eps),внутрішня точка,0.25,1,1.0,0,0,0,0,circles_det
DBSCAN(фікс. eps),внутрішня точка,0.25,2,1.0,0,0,0,0,circles_det
DBSCAN(фікс. eps),внутрішня точка,0.25,3,1.0,0,0,0,0,circles_det
DBSCAN(фікс. eps),внутрішня точка,0.25,4,1.0,0,0,0,0,circles_det
DBSCAN(фікс. eps),внутрішня точка,0.5,0,1.0,0,0,0,0,circles_det
DBSCAN(фікс. eps),внутрішня точка,0.5,1,1.0,0,0,0,0,circles_det
DBSCAN(фікс. eps),внутрішня точка,0.5,2,1.0,0,0,0,0,circles_det
DBSCAN(фікс. eps),внутрішня точка,0.5,3,1.0,0,0,0,0,circles_det
DBSCAN(фікс. eps),внутрішня точка,0.5,4,1.0,0,0,0,0,circles_det
DBSCAN(фікс. eps),внутрішня точка,1.0,0,1.0,0,0,0,0,circles_det
DBSCAN(фікс. eps),внутрішня точка,1.0,1,1.0,0,0,0,0,circles_det
DBSCAN(фікс. eps),внутрішня точка,1.0,2,1.0,0,0,0,0,circles_det
DBSCAN(фікс. eps),внутрішня точка,1.0,3,1.0,0,0,0,0,circles_det
DBSCAN(фікс. eps),внутрішня точка,1.0,4,1.0,0,0,0,0,circles_det
DBSCAN(фікс. eps),внутрішня точка,2.0,0,0.9977106831692901,1,1,0,0,circles_det
DBSCAN(фікс. eps),внутрішня точка,2.0,1,1.0,0,0,0,0,circles_det
DBSCAN(фікс. eps),внутрішня точка,2.0,2,0.9977106831692901,1,1,0,0,circles_det
DBSCAN(фікс. eps),внутрішня точка,2.0,3,1.0,0,0,0,0,circles_det
DBSCAN(фікс. eps),внутрішня точка,2.0,4,0.9977106831692901,1,1,0,0,circles_det
DBSCAN(фікс. eps),межова точка,0.01,0,1.0,0,0,0,0,circles_det
DBSCAN(фікс. eps),межова точка,0.01,1,1.0,0,0,0,0,circles_det
DBSCAN(фікс. eps),межова точка,0.01,2,1.0,0,0,0,0,circles_det
DBSCAN(фікс. eps),межова точка,0.01,3,1.0,0,0,0,0,circles_det
DBSCAN(фікс. eps),межова точка,0.01,4,1.0,0,0,0,0,circles_det
DBSCAN(фікс. eps),межова точка,0.05,0,1.0,0,0,0,0,circles_det
DBSCAN(фікс. eps),межова точка,0.05,1,1.0,0,0,0,0,circles_det
DBSCAN(фікс. eps),межова точка,0.05,2,1.0,0,0,0,0,circles_det
DBSCAN(фікс. eps),межова точка,0.05,3,1.0,0,0,0,0,circles_det
DBSCAN(фікс. eps),межова точка,0.05,4,1.0,0,0,0,0,circles_det
DBSCAN(фікс. eps),межова точка,0.1,0,1.0,0,0,0,0,circles_det
DBSCAN(фікс. eps),межова точка,0.1,1,1.0,0,0,0,0,circles_det
DBSCAN(фікс. eps),межова точка,0.1,2,1.0,0,0,0,0,circles_det
DBSCAN(фікс. eps),межова точка,0.1,3,1.0,0,0,0,0,circles_det
DBSCAN(фікс. eps),межова точка,0.1,4,1.0,0,0,0,0,circles_det
DBSCAN(фікс. eps),межова точка,0.25,0,1.0,0,0,0,0,circles_det
DBSCAN(фікс. eps),межова точка,0.25,1,1.0,0,0,0,0,circles_det
DBSCAN(фікс. eps),межова точка,0.25,2,1.0,0,0,0,0,circles_det
DBSCAN(фікс. eps),межова точка,0.25,3,1.0,0,0,0,0,circles_det
DBSCAN(фікс. eps),межова точка,0.25,4,1.0,0,0,0,0,circles_det
DBSCAN(фікс. eps),межова точка,0.5,0,1.0,0,0,0,0,circles_det
DBSCAN(фікс. eps),межова точка,0.5,1,1.0,0,0,0,0,circles_det
DBSCAN(фікс. eps),межова точка,0.5,2,1.0,0,0,0,0,circles_det
DBSCAN(фікс. eps),межова точка,0.5,3,1.0,0,0,0,0,circles_det
DBSCAN(фікс. eps),межова точка,0.5,4,1.0,0,0,0,0,circles_det
DBSCAN(фікс. eps),межова точка,1.0,0,1.0,0,0,0,0,circles_det
DBSCAN(фікс. eps),межова точка,1.0,1,0.9977106831692901,1,1,0,0,circles_det
DBSCAN(фікс. eps),межова точка,1.0,2,0.9977106831692901,1,1,0,0,circles_det
DBSCAN(фікс. eps),межова точка,1.0,3,1.0,0,0,0,0,circles_det
DBSCAN(фікс. eps),межова точка,1.0,4,0.9977106831692901,1,1,0,0,circles_det
DBSCAN(фікс. eps),межова точка,2.0,0,0.9977106831692901,1,1,0,0,circles_det
DBSCAN(фікс. eps),межова точка,2.0,1,0.9977106831692901,1,1,0,0,circles_det
DBSCAN(фікс. eps),межова точка,2.0,2,0.9977106831692901,1,1,0,0,circles_det
DBSCAN(фікс. eps),межова точка,2.0,3,0.9977106831692901,1,1,0,0,circles_det
DBSCAN(фікс. eps),межова точка,2.0,4,1.0,0,0,0,0,circles_det
DBSCAN(фікс. eps),1% точок,0.01,0,1.0,0,0,0,0,circles_det
DBSCAN(фікс. eps),1% точок,0.01,1,1.0,0,0,0,0,circles_det
DBSCAN(фікс. eps),1% точок,0.01,2,1.0,0,0,0,0,circles_det
DBSCAN(фікс. eps),1% точок,0.01,3,1.0,0,0,0,0,circles_det
DBSCAN(фікс. eps),1% точок,0.01,4,1.0,0,0,0,0,circles_det
DBSCAN(фікс. eps),1% точок,0.05,0,1.0,0,0,0,0,circles_det
DBSCAN(фікс. eps),1% точок,0.05,1,1.0,0,0,0,0,circles_det
DBSCAN(фікс. eps),1% точок,0.05,2,1.0,0,0,0,0,circles_det
DBSCAN(фікс. eps),1% точок,0.05,3,1.0,0,0,0,0,circles_det
DBSCAN(фікс. eps),1% точок,0.05,4,1.0,0,0,0,0,circles_det
DBSCAN(фікс. eps),1% точок,0.1,0,1.0,0,0,0,0,circles_det
DBSCAN(фікс. eps),1% точок,0.1,1,1.0,0,0,0,0,circles_det
DBSCAN(фікс. eps),1% точок,0.1,2,1.0,0,0,0,0,circles_det
DBSCAN(фікс. eps),1% точок,0.1,3,1.0,0,0,0,0,circles_det
DBSCAN(фікс. eps),1% точок,0.1,4,1.0,0,0,0,0,circles_det
DBSCAN(фікс. eps),1% точок,0.25,0,1.0,0,0,0,0,circles_det
DBSCAN(фікс. eps),1% точок,0.25,1,1.0,0,0,0,0,circles_det
DBSCAN(фікс. eps),1% точок,0.25,2,1.0,0,0,0,0,circles_det
DBSCAN(фікс. eps),1% точок,0.25,3,1.0,0,0,0,0,circles_det
DBSCAN(фікс. eps),1% точок,0.25,4,1.0,0,0,0,0,circles_det
DBSCAN(фікс. eps),1% точок,0.5,0,1.0,0,0,0,0,circles_det
DBSCAN(фікс. eps),1% точок,0.5,1,1.0,0,0,0,0,circles_det
DBSCAN(фікс. eps),1% точок,0.5,2,1.0,0,0,0,0,circles_det
DBSCAN(фікс. eps),1% точок,0.5,3,0.9961698293972636,1,1,0,0,circles_det
DBSCAN(фікс. eps),1% точок,0.5,4,1.0,0,0,0,0,circles_det
DBSCAN(фікс. eps),1% точок,1.0,0,1.0,0,0,0,0,circles_det
DBSCAN(фікс. eps),1% точок,1.0,1,1.0,0,0,0,0,circles_det
DBSCAN(фікс. eps),1% точок,1.0,2,1.0,0,0,0,0,circles_det
DBSCAN(фікс. eps),1% точок,1.0,3,0.9969404390934493,1,1,0,0,circles_det
DBSCAN(фікс. eps),1% точок,1.0,4,0.9969404390934493,1,1,0,0,circles_det
DBSCAN(фікс. eps),1% точок,2.0,0,0.9977106831692901,1,1,0,0,circles_det
DBSCAN(фікс. eps),1% точок,2.0,1,0.992369233350478,2,2,0,0,circles_det
DBSCAN(фікс. eps),1% точок,2.0,2,0.9946275758870333,2,2,0,0,circles_det
DBSCAN(фікс. eps),1% точок,2.0,3,0.9923501000694592,3,3,0,0,circles_det
DBSCAN(фікс. eps),1% точок,2.0,4,0.9923501000694592,3,3,0,0,circles_det
DBSCAN(фікс. eps),5% точок,0.01,0,1.0,0,0,0,0,circles_det
DBSCAN(фікс. eps),5% точок,0.01,1,1.0,0,0,0,0,circles_det
DBSCAN(фікс. eps),5% точок,0.01,2,1.0,0,0,0,0,circles_det
DBSCAN(фікс. eps),5% точок,0.01,3,1.0,0,0,0,0,circles_det
DBSCAN(фікс. eps),5% точок,0.01,4,1.0,0,0,0,0,circles_det
DBSCAN(фікс. eps),5% точок,0.05,0,1.0,0,0,0,0,circles_det
DBSCAN(фікс. eps),5% точок,0.05,1,1.0,0,0,0,0,circles_det
DBSCAN(фікс. eps),5% точок,0.05,2,1.0,0,0,0,0,circles_det
DBSCAN(фікс. eps),5% точок,0.05,3,1.0,0,0,0,0,circles_det
DBSCAN(фікс. eps),5% точок,0.05,4,1.0,0,0,0,0,circles_det
DBSCAN(фікс. eps),5% точок,0.1,0,1.0,0,0,0,0,circles_det
DBSCAN(фікс. eps),5% точок,0.1,1,1.0,0,0,0,0,circles_det
DBSCAN(фікс. eps),5% точок,0.1,2,1.0,0,0,0,0,circles_det
DBSCAN(фікс. eps),5% точок,0.1,3,1.0,0,0,0,0,circles_det
DBSCAN(фікс. eps),5% точок,0.1,4,1.0,0,0,0,0,circles_det
DBSCAN(фікс. eps),5% точок,0.25,0,1.0,0,0,0,0,circles_det
DBSCAN(фікс. eps),5% точок,0.25,1,1.0,0,0,0,0,circles_det
DBSCAN(фікс. eps),5% точок,0.25,2,1.0,0,0,0,0,circles_det
DBSCAN(фікс. eps),5% точок,0.25,3,1.0,0,0,0,0,circles_det
DBSCAN(фікс. eps),5% точок,0.25,4,1.0,0,0,0,0,circles_det
DBSCAN(фікс. eps),5% точок,0.5,0,0.9915773279500145,3,3,0,0,circles_det
DBSCAN(фікс. eps),5% точок,0.5,1,0.9977106831692901,1,1,0,0,circles_det
DBSCAN(фікс. eps),5% точок,0.5,2,1.0,0,0,0,0,circles_det
DBSCAN(фікс. eps),5% точок,0.5,3,0.9961698293972636,1,1,0,0,circles_det
DBSCAN(фікс. eps),5% точок,0.5,4,1.0,0,0,0,0,circles_det
DBSCAN(фікс. eps),5% точок,1.0,0,0.9876696506854229,4,4,0,0,circles_det
DBSCAN(фікс. eps),5% точок,1.0,1,0.9930838113501331,2,2,0,0,circles_det
DBSCAN(фікс. eps),5% точок,1.0,2,0.9923501000694592,3,3,0,0,circles_det
DBSCAN(фікс. eps),5% точок,1.0,3,0.9837916812749415,5,5,0,0,circles_det
DBSCAN(фікс. eps),5% точок,1.0,4,0.9816926231901619,5,4,1,0,circles_det
DBSCAN(фікс. eps),5% точок,2.0,0,0.967327600907824,10,10,0,0,circles_det
DBSCAN(фікс. eps),5% точок,2.0,1,0.9710696288504781,10,10,0,0,circles_det
DBSCAN(фікс. eps),5% точок,2.0,2,0.9697616197928174,10,10,0,0,circles_det
DBSCAN(фікс. eps),5% точок,2.0,3,0.9730036338546675,8,8,0,0,circles_det
DBSCAN(фікс. eps),5% точок,2.0,4,0.9604657896009968,13,13,0,0,circles_det
DBSCAN(фікс. eps),10% точок,0.01,0,1.0,0,0,0,0,circles_det
DBSCAN(фікс. eps),10% точок,0.01,1,1.0,0,0,0,0,circles_det
DBSCAN(фікс. eps),10% точок,0.01,2,1.0,0,0,0,0,circles_det
DBSCAN(фікс. eps),10% точок,0.01,3,1.0,0,0,0,0,circles_det
DBSCAN(фікс. eps),10% точок,0.01,4,1.0,0,0,0,0,circles_det
DBSCAN(фікс. eps),10% точок,0.05,0,1.0,0,0,0,0,circles_det
DBSCAN(фікс. eps),10% точок,0.05,1,1.0,0,0,0,0,circles_det
DBSCAN(фікс. eps),10% точок,0.05,2,1.0,0,0,0,0,circles_det
DBSCAN(фікс. eps),10% точок,0.05,3,1.0,0,0,0,0,circles_det
DBSCAN(фікс. eps),10% точок,0.05,4,1.0,0,0,0,0,circles_det
DBSCAN(фікс. eps),10% точок,0.1,0,1.0,0,0,0,0,circles_det
DBSCAN(фікс. eps),10% точок,0.1,1,1.0,0,0,0,0,circles_det
DBSCAN(фікс. eps),10% точок,0.1,2,1.0,0,0,0,0,circles_det
DBSCAN(фікс. eps),10% точок,0.1,3,1.0,0,0,0,0,circles_det
DBSCAN(фікс. eps),10% точок,0.1,4,1.0,0,0,0,0,circles_det
DBSCAN(фікс. eps),10% точок,0.25,0,0.9961698293972636,1,1,0,0,circles_det
DBSCAN(фікс. eps),10% точок,0.25,1,1.0,0,0,0,0,circles_det
DBSCAN(фікс. eps),10% точок,0.25,2,1.0,0,0,0,0,circles_det
DBSCAN(фікс. eps),10% точок,0.25,3,1.0,0,0,0,0,circles_det
DBSCAN(фікс. eps),10% точок,0.25,4,1.0,0,0,0,0,circles_det
DBSCAN(фікс. eps),10% точок,0.5,0,0.9930838113501331,2,2,0,0,circles_det
DBSCAN(фікс. eps),10% точок,0.5,1,0.9915773279500145,3,3,0,0,circles_det
DBSCAN(фікс. eps),10% точок,0.5,2,0.9961698293972636,1,1,0,0,circles_det
DBSCAN(фікс. eps),10% точок,0.5,3,0.9961698293972636,1,1,0,0,circles_det
DBSCAN(фікс. eps),10% точок,0.5,4,0.9969404390934493,1,1,0,0,circles_det
DBSCAN(фікс. eps),10% точок,1.0,0,0.986235336132648,4,4,0,0,circles_det
DBSCAN(фікс. eps),10% точок,1.0,1,0.97684764071988,7,6,1,0,circles_det
DBSCAN(фікс. eps),10% точок,1.0,2,0.9737850994363946,8,8,0,0,circles_det
DBSCAN(фікс. eps),10% точок,1.0,3,0.9814416393692095,6,5,1,0,circles_det
DBSCAN(фікс. eps),10% точок,1.0,4,0.9799436615396232,6,6,0,0,circles_det
DBSCAN(фікс. eps),10% точок,2.0,0,0.951714713826121,15,15,0,0,circles_det
DBSCAN(фікс. eps),10% точок,2.0,1,0.9083738971365616,28,28,0,0,circles_det
DBSCAN(фікс. eps),10% точок,2.0,2,0.9127742845480388,27,26,1,0,circles_det
DBSCAN(фікс. eps),10% точок,2.0,3,0.9319891831779854,21,21,0,0,circles_det
DBSCAN(фікс. eps),10% точок,2.0,4,0.9253466815421164,24,24,0,0,circles_det
KMeans,внутрішня точка,0.01,0,1.0,0,0,0,0,ellipses_nonparallel
KMeans,внутрішня точка,0.01,1,1.0,0,0,0,0,ellipses_nonparallel
KMeans,внутрішня точка,0.01,2,1.0,0,0,0,0,ellipses_nonparallel
KMeans,внутрішня точка,0.01,3,1.0,0,0,0,0,ellipses_nonparallel
KMeans,внутрішня точка,0.01,4,1.0,0,0,0,0,ellipses_nonparallel
KMeans,внутрішня точка,0.05,0,1.0,0,0,0,0,ellipses_nonparallel
KMeans,внутрішня точка,0.05,1,1.0,0,0,0,0,ellipses_nonparallel
KMeans,внутрішня точка,0.05,2,1.0,0,0,0,0,ellipses_nonparallel
KMeans,внутрішня точка,0.05,3,1.0,0,0,0,0,ellipses_nonparallel
KMeans,внутрішня точка,0.05,4,1.0,0,0,0,0,ellipses_nonparallel
KMeans,внутрішня точка,0.1,0,1.0,0,0,0,0,ellipses_nonparallel
KMeans,внутрішня точка,0.1,1,1.0,0,0,0,0,ellipses_nonparallel
KMeans,внутрішня точка,0.1,2,1.0,0,0,0,0,ellipses_nonparallel
KMeans,внутрішня точка,0.1,3,1.0,0,0,0,0,ellipses_nonparallel
KMeans,внутрішня точка,0.1,4,1.0,0,0,0,0,ellipses_nonparallel
KMeans,внутрішня точка,0.25,0,1.0,0,0,0,0,ellipses_nonparallel
KMeans,внутрішня точка,0.25,1,1.0,0,0,0,0,ellipses_nonparallel
KMeans,внутрішня точка,0.25,2,1.0,0,0,0,0,ellipses_nonparallel
KMeans,внутрішня точка,0.25,3,1.0,0,0,0,0,ellipses_nonparallel
KMeans,внутрішня точка,0.25,4,1.0,0,0,0,0,ellipses_nonparallel
KMeans,внутрішня точка,0.5,0,1.0,0,0,0,0,ellipses_nonparallel
KMeans,внутрішня точка,0.5,1,1.0,0,0,0,0,ellipses_nonparallel
KMeans,внутрішня точка,0.5,2,1.0,0,0,0,0,ellipses_nonparallel
KMeans,внутрішня точка,0.5,3,1.0,0,0,0,0,ellipses_nonparallel
KMeans,внутрішня точка,0.5,4,1.0,0,0,0,0,ellipses_nonparallel
KMeans,внутрішня точка,1.0,0,1.0,0,0,0,0,ellipses_nonparallel
KMeans,внутрішня точка,1.0,1,1.0,0,0,0,0,ellipses_nonparallel
KMeans,внутрішня точка,1.0,2,1.0,0,0,0,0,ellipses_nonparallel
KMeans,внутрішня точка,1.0,3,1.0,0,0,0,0,ellipses_nonparallel
KMeans,внутрішня точка,1.0,4,1.0,0,0,0,0,ellipses_nonparallel
KMeans,внутрішня точка,2.0,0,1.0,0,0,0,0,ellipses_nonparallel
KMeans,внутрішня точка,2.0,1,1.0,0,0,0,0,ellipses_nonparallel
KMeans,внутрішня точка,2.0,2,1.0,0,0,0,0,ellipses_nonparallel
KMeans,внутрішня точка,2.0,3,1.0,0,0,0,0,ellipses_nonparallel
KMeans,внутрішня точка,2.0,4,1.0,0,0,0,0,ellipses_nonparallel
KMeans,межова точка,0.01,0,1.0,0,0,0,0,ellipses_nonparallel
KMeans,межова точка,0.01,1,1.0,0,0,0,0,ellipses_nonparallel
KMeans,межова точка,0.01,2,1.0,0,0,0,0,ellipses_nonparallel
KMeans,межова точка,0.01,3,1.0,0,0,0,0,ellipses_nonparallel
KMeans,межова точка,0.01,4,1.0,0,0,0,0,ellipses_nonparallel
KMeans,межова точка,0.05,0,1.0,0,0,0,0,ellipses_nonparallel
KMeans,межова точка,0.05,1,1.0,0,0,0,0,ellipses_nonparallel
KMeans,межова точка,0.05,2,1.0,0,0,0,0,ellipses_nonparallel
KMeans,межова точка,0.05,3,1.0,0,0,0,0,ellipses_nonparallel
KMeans,межова точка,0.05,4,1.0,0,0,0,0,ellipses_nonparallel
KMeans,межова точка,0.1,0,1.0,0,0,0,0,ellipses_nonparallel
KMeans,межова точка,0.1,1,1.0,0,0,0,0,ellipses_nonparallel
KMeans,межова точка,0.1,2,1.0,0,0,0,0,ellipses_nonparallel
KMeans,межова точка,0.1,3,1.0,0,0,0,0,ellipses_nonparallel
KMeans,межова точка,0.1,4,1.0,0,0,0,0,ellipses_nonparallel
KMeans,межова точка,0.25,0,1.0,0,0,0,0,ellipses_nonparallel
KMeans,межова точка,0.25,1,1.0,0,0,0,0,ellipses_nonparallel
KMeans,межова точка,0.25,2,1.0,0,0,0,0,ellipses_nonparallel
KMeans,межова точка,0.25,3,1.0,0,0,0,0,ellipses_nonparallel
KMeans,межова точка,0.25,4,1.0,0,0,0,0,ellipses_nonparallel
KMeans,межова точка,0.5,0,1.0,0,0,0,0,ellipses_nonparallel
KMeans,межова точка,0.5,1,1.0,0,0,0,0,ellipses_nonparallel
KMeans,межова точка,0.5,2,1.0,0,0,0,0,ellipses_nonparallel
KMeans,межова точка,0.5,3,1.0,0,0,0,0,ellipses_nonparallel
KMeans,межова точка,0.5,4,1.0,0,0,0,0,ellipses_nonparallel
KMeans,межова точка,1.0,0,1.0,0,0,0,0,ellipses_nonparallel
KMeans,межова точка,1.0,1,1.0,0,0,0,0,ellipses_nonparallel
KMeans,межова точка,1.0,2,1.0,0,0,0,0,ellipses_nonparallel
KMeans,межова точка,1.0,3,1.0,0,0,0,0,ellipses_nonparallel
KMeans,межова точка,1.0,4,1.0,0,0,0,0,ellipses_nonparallel
KMeans,межова точка,2.0,0,1.0,0,0,0,0,ellipses_nonparallel
KMeans,межова точка,2.0,1,1.0,0,0,0,0,ellipses_nonparallel
KMeans,межова точка,2.0,2,0.9955481068859018,1,1,0,0,ellipses_nonparallel
KMeans,межова точка,2.0,3,1.0,0,0,0,0,ellipses_nonparallel
KMeans,межова точка,2.0,4,1.0,0,0,0,0,ellipses_nonparallel
KMeans,1% точок,0.01,0,1.0,0,0,0,0,ellipses_nonparallel
KMeans,1% точок,0.01,1,1.0,0,0,0,0,ellipses_nonparallel
KMeans,1% точок,0.01,2,1.0,0,0,0,0,ellipses_nonparallel
KMeans,1% точок,0.01,3,1.0,0,0,0,0,ellipses_nonparallel
KMeans,1% точок,0.01,4,1.0,0,0,0,0,ellipses_nonparallel
KMeans,1% точок,0.05,0,1.0,0,0,0,0,ellipses_nonparallel
KMeans,1% точок,0.05,1,1.0,0,0,0,0,ellipses_nonparallel
KMeans,1% точок,0.05,2,1.0,0,0,0,0,ellipses_nonparallel
KMeans,1% точок,0.05,3,1.0,0,0,0,0,ellipses_nonparallel
KMeans,1% точок,0.05,4,1.0,0,0,0,0,ellipses_nonparallel
KMeans,1% точок,0.1,0,1.0,0,0,0,0,ellipses_nonparallel
KMeans,1% точок,0.1,1,1.0,0,0,0,0,ellipses_nonparallel
KMeans,1% точок,0.1,2,1.0,0,0,0,0,ellipses_nonparallel
KMeans,1% точок,0.1,3,1.0,0,0,0,0,ellipses_nonparallel
KMeans,1% точок,0.1,4,1.0,0,0,0,0,ellipses_nonparallel
KMeans,1% точок,0.25,0,1.0,0,0,0,0,ellipses_nonparallel
KMeans,1% точок,0.25,1,1.0,0,0,0,0,ellipses_nonparallel
KMeans,1% точок,0.25,2,1.0,0,0,0,0,ellipses_nonparallel
KMeans,1% точок,0.25,3,1.0,0,0,0,0,ellipses_nonparallel
KMeans,1% точок,0.25,4,1.0,0,0,0,0,ellipses_nonparallel
KMeans,1% точок,0.5,0,1.0,0,0,0,0,ellipses_nonparallel
KMeans,1% точок,0.5,1,1.0,0,0,0,0,ellipses_nonparallel
KMeans,1% точок,0.5,2,1.0,0,0,0,0,ellipses_nonparallel
KMeans,1% точок,0.5,3,1.0,0,0,0,0,ellipses_nonparallel
KMeans,1% точок,0.5,4,1.0,0,0,0,0,ellipses_nonparallel
KMeans,1% точок,1.0,0,1.0,0,0,0,0,ellipses_nonparallel
KMeans,1% точок,1.0,1,1.0,0,0,0,0,ellipses_nonparallel
KMeans,1% точок,1.0,2,1.0,0,0,0,0,ellipses_nonparallel
KMeans,1% точок,1.0,3,1.0,0,0,0,0,ellipses_nonparallel
KMeans,1% точок,1.0,4,1.0,0,0,0,0,ellipses_nonparallel
KMeans,1% точок,2.0,0,1.0,0,0,0,0,ellipses_nonparallel
KMeans,1% точок,2.0,1,1.0,0,0,0,0,ellipses_nonparallel
KMeans,1% точок,2.0,2,1.0,0,0,0,0,ellipses_nonparallel
KMeans,1% точок,2.0,3,1.0,0,0,0,0,ellipses_nonparallel
KMeans,1% точок,2.0,4,1.0,0,0,0,0,ellipses_nonparallel
KMeans,5% точок,0.01,0,1.0,0,0,0,0,ellipses_nonparallel
KMeans,5% точок,0.01,1,1.0,0,0,0,0,ellipses_nonparallel
KMeans,5% точок,0.01,2,1.0,0,0,0,0,ellipses_nonparallel
KMeans,5% точок,0.01,3,1.0,0,0,0,0,ellipses_nonparallel
KMeans,5% точок,0.01,4,1.0,0,0,0,0,ellipses_nonparallel
KMeans,5% точок,0.05,0,1.0,0,0,0,0,ellipses_nonparallel
KMeans,5% точок,0.05,1,1.0,0,0,0,0,ellipses_nonparallel
KMeans,5% точок,0.05,2,1.0,0,0,0,0,ellipses_nonparallel
KMeans,5% точок,0.05,3,1.0,0,0,0,0,ellipses_nonparallel
KMeans,5% точок,0.05,4,1.0,0,0,0,0,ellipses_nonparallel
KMeans,5% точок,0.1,0,1.0,0,0,0,0,ellipses_nonparallel
KMeans,5% точок,0.1,1,1.0,0,0,0,0,ellipses_nonparallel
KMeans,5% точок,0.1,2,1.0,0,0,0,0,ellipses_nonparallel
KMeans,5% точок,0.1,3,1.0,0,0,0,0,ellipses_nonparallel
KMeans,5% точок,0.1,4,1.0,0,0,0,0,ellipses_nonparallel
KMeans,5% точок,0.25,0,1.0,0,0,0,0,ellipses_nonparallel
KMeans,5% точок,0.25,1,1.0,0,0,0,0,ellipses_nonparallel
KMeans,5% точок,0.25,2,1.0,0,0,0,0,ellipses_nonparallel
KMeans,5% точок,0.25,3,1.0,0,0,0,0,ellipses_nonparallel
KMeans,5% точок,0.25,4,1.0,0,0,0,0,ellipses_nonparallel
KMeans,5% точок,0.5,0,1.0,0,0,0,0,ellipses_nonparallel
KMeans,5% точок,0.5,1,1.0,0,0,0,0,ellipses_nonparallel
KMeans,5% точок,0.5,2,1.0,0,0,0,0,ellipses_nonparallel
KMeans,5% точок,0.5,3,1.0,0,0,0,0,ellipses_nonparallel
KMeans,5% точок,0.5,4,1.0,0,0,0,0,ellipses_nonparallel
KMeans,5% точок,1.0,0,1.0,0,0,0,0,ellipses_nonparallel
KMeans,5% точок,1.0,1,1.0,0,0,0,0,ellipses_nonparallel
KMeans,5% точок,1.0,2,1.0,0,0,0,0,ellipses_nonparallel
KMeans,5% точок,1.0,3,1.0,0,0,0,0,ellipses_nonparallel
KMeans,5% точок,1.0,4,1.0,0,0,0,0,ellipses_nonparallel
KMeans,5% точок,2.0,0,1.0,0,0,0,0,ellipses_nonparallel
KMeans,5% точок,2.0,1,1.0,0,0,0,0,ellipses_nonparallel
KMeans,5% точок,2.0,2,1.0,0,0,0,0,ellipses_nonparallel
KMeans,5% точок,2.0,3,1.0,0,0,0,0,ellipses_nonparallel
KMeans,5% точок,2.0,4,1.0,0,0,0,0,ellipses_nonparallel
KMeans,10% точок,0.01,0,1.0,0,0,0,0,ellipses_nonparallel
KMeans,10% точок,0.01,1,1.0,0,0,0,0,ellipses_nonparallel
KMeans,10% точок,0.01,2,1.0,0,0,0,0,ellipses_nonparallel
KMeans,10% точок,0.01,3,1.0,0,0,0,0,ellipses_nonparallel
KMeans,10% точок,0.01,4,1.0,0,0,0,0,ellipses_nonparallel
KMeans,10% точок,0.05,0,1.0,0,0,0,0,ellipses_nonparallel
KMeans,10% точок,0.05,1,1.0,0,0,0,0,ellipses_nonparallel
KMeans,10% точок,0.05,2,1.0,0,0,0,0,ellipses_nonparallel
KMeans,10% точок,0.05,3,1.0,0,0,0,0,ellipses_nonparallel
KMeans,10% точок,0.05,4,1.0,0,0,0,0,ellipses_nonparallel
KMeans,10% точок,0.1,0,1.0,0,0,0,0,ellipses_nonparallel
KMeans,10% точок,0.1,1,1.0,0,0,0,0,ellipses_nonparallel
KMeans,10% точок,0.1,2,1.0,0,0,0,0,ellipses_nonparallel
KMeans,10% точок,0.1,3,1.0,0,0,0,0,ellipses_nonparallel
KMeans,10% точок,0.1,4,1.0,0,0,0,0,ellipses_nonparallel
KMeans,10% точок,0.25,0,1.0,0,0,0,0,ellipses_nonparallel
KMeans,10% точок,0.25,1,1.0,0,0,0,0,ellipses_nonparallel
KMeans,10% точок,0.25,2,1.0,0,0,0,0,ellipses_nonparallel
KMeans,10% точок,0.25,3,1.0,0,0,0,0,ellipses_nonparallel
KMeans,10% точок,0.25,4,1.0,0,0,0,0,ellipses_nonparallel
KMeans,10% точок,0.5,0,1.0,0,0,0,0,ellipses_nonparallel
KMeans,10% точок,0.5,1,1.0,0,0,0,0,ellipses_nonparallel
KMeans,10% точок,0.5,2,1.0,0,0,0,0,ellipses_nonparallel
KMeans,10% точок,0.5,3,1.0,0,0,0,0,ellipses_nonparallel
KMeans,10% точок,0.5,4,1.0,0,0,0,0,ellipses_nonparallel
KMeans,10% точок,1.0,0,1.0,0,0,0,0,ellipses_nonparallel
KMeans,10% точок,1.0,1,1.0,0,0,0,0,ellipses_nonparallel
KMeans,10% точок,1.0,2,1.0,0,0,0,0,ellipses_nonparallel
KMeans,10% точок,1.0,3,1.0,0,0,0,0,ellipses_nonparallel
KMeans,10% точок,1.0,4,1.0,0,0,0,0,ellipses_nonparallel
KMeans,10% точок,2.0,0,1.0,0,0,0,0,ellipses_nonparallel
KMeans,10% точок,2.0,1,1.0,0,0,0,0,ellipses_nonparallel
KMeans,10% точок,2.0,2,1.0,0,0,0,0,ellipses_nonparallel
KMeans,10% точок,2.0,3,1.0,0,0,0,0,ellipses_nonparallel
KMeans,10% точок,2.0,4,0.9955481068859018,1,1,0,0,ellipses_nonparallel
GaussianMixture,внутрішня точка,0.01,0,1.0,0,0,0,0,ellipses_nonparallel
GaussianMixture,внутрішня точка,0.01,1,1.0,0,0,0,0,ellipses_nonparallel
GaussianMixture,внутрішня точка,0.01,2,1.0,0,0,0,0,ellipses_nonparallel
GaussianMixture,внутрішня точка,0.01,3,1.0,0,0,0,0,ellipses_nonparallel
GaussianMixture,внутрішня точка,0.01,4,1.0,0,0,0,0,ellipses_nonparallel
GaussianMixture,внутрішня точка,0.05,0,1.0,0,0,0,0,ellipses_nonparallel
GaussianMixture,внутрішня точка,0.05,1,1.0,0,0,0,0,ellipses_nonparallel
GaussianMixture,внутрішня точка,0.05,2,1.0,0,0,0,0,ellipses_nonparallel
GaussianMixture,внутрішня точка,0.05,3,1.0,0,0,0,0,ellipses_nonparallel
GaussianMixture,внутрішня точка,0.05,4,1.0,0,0,0,0,ellipses_nonparallel
GaussianMixture,внутрішня точка,0.1,0,1.0,0,0,0,0,ellipses_nonparallel
GaussianMixture,внутрішня точка,0.1,1,1.0,0,0,0,0,ellipses_nonparallel
GaussianMixture,внутрішня точка,0.1,2,1.0,0,0,0,0,ellipses_nonparallel
GaussianMixture,внутрішня точка,0.1,3,1.0,0,0,0,0,ellipses_nonparallel
GaussianMixture,внутрішня точка,0.1,4,1.0,0,0,0,0,ellipses_nonparallel
GaussianMixture,внутрішня точка,0.25,0,1.0,0,0,0,0,ellipses_nonparallel
GaussianMixture,внутрішня точка,0.25,1,1.0,0,0,0,0,ellipses_nonparallel
GaussianMixture,внутрішня точка,0.25,2,1.0,0,0,0,0,ellipses_nonparallel
GaussianMixture,внутрішня точка,0.25,3,1.0,0,0,0,0,ellipses_nonparallel
GaussianMixture,внутрішня точка,0.25,4,1.0,0,0,0,0,ellipses_nonparallel
GaussianMixture,внутрішня точка,0.5,0,1.0,0,0,0,0,ellipses_nonparallel
GaussianMixture,внутрішня точка,0.5,1,1.0,0,0,0,0,ellipses_nonparallel
GaussianMixture,внутрішня точка,0.5,2,1.0,0,0,0,0,ellipses_nonparallel
GaussianMixture,внутрішня точка,0.5,3,1.0,0,0,0,0,ellipses_nonparallel
GaussianMixture,внутрішня точка,0.5,4,1.0,0,0,0,0,ellipses_nonparallel
GaussianMixture,внутрішня точка,1.0,0,1.0,0,0,0,0,ellipses_nonparallel
GaussianMixture,внутрішня точка,1.0,1,1.0,0,0,0,0,ellipses_nonparallel
GaussianMixture,внутрішня точка,1.0,2,1.0,0,0,0,0,ellipses_nonparallel
GaussianMixture,внутрішня точка,1.0,3,1.0,0,0,0,0,ellipses_nonparallel
GaussianMixture,внутрішня точка,1.0,4,1.0,0,0,0,0,ellipses_nonparallel
GaussianMixture,внутрішня точка,2.0,0,1.0,0,0,0,0,ellipses_nonparallel
GaussianMixture,внутрішня точка,2.0,1,1.0,0,0,0,0,ellipses_nonparallel
GaussianMixture,внутрішня точка,2.0,2,1.0,0,0,0,0,ellipses_nonparallel
GaussianMixture,внутрішня точка,2.0,3,1.0,0,0,0,0,ellipses_nonparallel
GaussianMixture,внутрішня точка,2.0,4,1.0,0,0,0,0,ellipses_nonparallel
GaussianMixture,межова точка,0.01,0,1.0,0,0,0,0,ellipses_nonparallel
GaussianMixture,межова точка,0.01,1,1.0,0,0,0,0,ellipses_nonparallel
GaussianMixture,межова точка,0.01,2,1.0,0,0,0,0,ellipses_nonparallel
GaussianMixture,межова точка,0.01,3,1.0,0,0,0,0,ellipses_nonparallel
GaussianMixture,межова точка,0.01,4,1.0,0,0,0,0,ellipses_nonparallel
GaussianMixture,межова точка,0.05,0,1.0,0,0,0,0,ellipses_nonparallel
GaussianMixture,межова точка,0.05,1,1.0,0,0,0,0,ellipses_nonparallel
GaussianMixture,межова точка,0.05,2,1.0,0,0,0,0,ellipses_nonparallel
GaussianMixture,межова точка,0.05,3,1.0,0,0,0,0,ellipses_nonparallel
GaussianMixture,межова точка,0.05,4,1.0,0,0,0,0,ellipses_nonparallel
GaussianMixture,межова точка,0.1,0,1.0,0,0,0,0,ellipses_nonparallel
GaussianMixture,межова точка,0.1,1,1.0,0,0,0,0,ellipses_nonparallel
GaussianMixture,межова точка,0.1,2,1.0,0,0,0,0,ellipses_nonparallel
GaussianMixture,межова точка,0.1,3,1.0,0,0,0,0,ellipses_nonparallel
GaussianMixture,межова точка,0.1,4,1.0,0,0,0,0,ellipses_nonparallel
GaussianMixture,межова точка,0.25,0,1.0,0,0,0,0,ellipses_nonparallel
GaussianMixture,межова точка,0.25,1,1.0,0,0,0,0,ellipses_nonparallel
GaussianMixture,межова точка,0.25,2,1.0,0,0,0,0,ellipses_nonparallel
GaussianMixture,межова точка,0.25,3,1.0,0,0,0,0,ellipses_nonparallel
GaussianMixture,межова точка,0.25,4,1.0,0,0,0,0,ellipses_nonparallel
GaussianMixture,межова точка,0.5,0,1.0,0,0,0,0,ellipses_nonparallel
GaussianMixture,межова точка,0.5,1,1.0,0,0,0,0,ellipses_nonparallel
GaussianMixture,межова точка,0.5,2,1.0,0,0,0,0,ellipses_nonparallel
GaussianMixture,межова точка,0.5,3,1.0,0,0,0,0,ellipses_nonparallel
GaussianMixture,межова точка,0.5,4,1.0,0,0,0,0,ellipses_nonparallel
GaussianMixture,межова точка,1.0,0,1.0,0,0,0,0,ellipses_nonparallel
GaussianMixture,межова точка,1.0,1,1.0,0,0,0,0,ellipses_nonparallel
GaussianMixture,межова точка,1.0,2,1.0,0,0,0,0,ellipses_nonparallel
GaussianMixture,межова точка,1.0,3,1.0,0,0,0,0,ellipses_nonparallel
GaussianMixture,межова точка,1.0,4,1.0,0,0,0,0,ellipses_nonparallel
GaussianMixture,межова точка,2.0,0,1.0,0,0,0,0,ellipses_nonparallel
GaussianMixture,межова точка,2.0,1,1.0,0,0,0,0,ellipses_nonparallel
GaussianMixture,межова точка,2.0,2,1.0,0,0,0,0,ellipses_nonparallel
GaussianMixture,межова точка,2.0,3,1.0,0,0,0,0,ellipses_nonparallel
GaussianMixture,межова точка,2.0,4,1.0,0,0,0,0,ellipses_nonparallel
GaussianMixture,1% точок,0.01,0,1.0,0,0,0,0,ellipses_nonparallel
GaussianMixture,1% точок,0.01,1,1.0,0,0,0,0,ellipses_nonparallel
GaussianMixture,1% точок,0.01,2,1.0,0,0,0,0,ellipses_nonparallel
GaussianMixture,1% точок,0.01,3,1.0,0,0,0,0,ellipses_nonparallel
GaussianMixture,1% точок,0.01,4,1.0,0,0,0,0,ellipses_nonparallel
GaussianMixture,1% точок,0.05,0,1.0,0,0,0,0,ellipses_nonparallel
GaussianMixture,1% точок,0.05,1,1.0,0,0,0,0,ellipses_nonparallel
GaussianMixture,1% точок,0.05,2,1.0,0,0,0,0,ellipses_nonparallel
GaussianMixture,1% точок,0.05,3,1.0,0,0,0,0,ellipses_nonparallel
GaussianMixture,1% точок,0.05,4,1.0,0,0,0,0,ellipses_nonparallel
GaussianMixture,1% точок,0.1,0,1.0,0,0,0,0,ellipses_nonparallel
GaussianMixture,1% точок,0.1,1,1.0,0,0,0,0,ellipses_nonparallel
GaussianMixture,1% точок,0.1,2,1.0,0,0,0,0,ellipses_nonparallel
GaussianMixture,1% точок,0.1,3,1.0,0,0,0,0,ellipses_nonparallel
GaussianMixture,1% точок,0.1,4,1.0,0,0,0,0,ellipses_nonparallel
GaussianMixture,1% точок,0.25,0,1.0,0,0,0,0,ellipses_nonparallel
GaussianMixture,1% точок,0.25,1,1.0,0,0,0,0,ellipses_nonparallel
GaussianMixture,1% точок,0.25,2,1.0,0,0,0,0,ellipses_nonparallel
GaussianMixture,1% точок,0.25,3,1.0,0,0,0,0,ellipses_nonparallel
GaussianMixture,1% точок,0.25,4,1.0,0,0,0,0,ellipses_nonparallel
GaussianMixture,1% точок,0.5,0,1.0,0,0,0,0,ellipses_nonparallel
GaussianMixture,1% точок,0.5,1,1.0,0,0,0,0,ellipses_nonparallel
GaussianMixture,1% точок,0.5,2,1.0,0,0,0,0,ellipses_nonparallel
GaussianMixture,1% точок,0.5,3,1.0,0,0,0,0,ellipses_nonparallel
GaussianMixture,1% точок,0.5,4,1.0,0,0,0,0,ellipses_nonparallel
GaussianMixture,1% точок,1.0,0,1.0,0,0,0,0,ellipses_nonparallel
GaussianMixture,1% точок,1.0,1,1.0,0,0,0,0,ellipses_nonparallel
GaussianMixture,1% точок,1.0,2,1.0,0,0,0,0,ellipses_nonparallel
GaussianMixture,1% точок,1.0,3,1.0,0,0,0,0,ellipses_nonparallel
GaussianMixture,1% точок,1.0,4,1.0,0,0,0,0,ellipses_nonparallel
GaussianMixture,1% точок,2.0,0,1.0,0,0,0,0,ellipses_nonparallel
GaussianMixture,1% точок,2.0,1,1.0,0,0,0,0,ellipses_nonparallel
GaussianMixture,1% точок,2.0,2,1.0,0,0,0,0,ellipses_nonparallel
GaussianMixture,1% точок,2.0,3,1.0,0,0,0,0,ellipses_nonparallel
GaussianMixture,1% точок,2.0,4,1.0,0,0,0,0,ellipses_nonparallel
GaussianMixture,5% точок,0.01,0,1.0,0,0,0,0,ellipses_nonparallel
GaussianMixture,5% точок,0.01,1,1.0,0,0,0,0,ellipses_nonparallel
GaussianMixture,5% точок,0.01,2,1.0,0,0,0,0,ellipses_nonparallel
GaussianMixture,5% точок,0.01,3,1.0,0,0,0,0,ellipses_nonparallel
GaussianMixture,5% точок,0.01,4,1.0,0,0,0,0,ellipses_nonparallel
GaussianMixture,5% точок,0.05,0,1.0,0,0,0,0,ellipses_nonparallel
GaussianMixture,5% точок,0.05,1,1.0,0,0,0,0,ellipses_nonparallel
GaussianMixture,5% точок,0.05,2,1.0,0,0,0,0,ellipses_nonparallel
GaussianMixture,5% точок,0.05,3,1.0,0,0,0,0,ellipses_nonparallel
GaussianMixture,5% точок,0.05,4,1.0,0,0,0,0,ellipses_nonparallel
GaussianMixture,5% точок,0.1,0,1.0,0,0,0,0,ellipses_nonparallel
GaussianMixture,5% точок,0.1,1,1.0,0,0,0,0,ellipses_nonparallel
GaussianMixture,5% точок,0.1,2,1.0,0,0,0,0,ellipses_nonparallel
GaussianMixture,5% точок,0.1,3,1.0,0,0,0,0,ellipses_nonparallel
GaussianMixture,5% точок,0.1,4,1.0,0,0,0,0,ellipses_nonparallel
GaussianMixture,5% точок,0.25,0,1.0,0,0,0,0,ellipses_nonparallel
GaussianMixture,5% точок,0.25,1,1.0,0,0,0,0,ellipses_nonparallel
GaussianMixture,5% точок,0.25,2,1.0,0,0,0,0,ellipses_nonparallel
GaussianMixture,5% точок,0.25,3,1.0,0,0,0,0,ellipses_nonparallel
GaussianMixture,5% точок,0.25,4,1.0,0,0,0,0,ellipses_nonparallel
GaussianMixture,5% точок,0.5,0,1.0,0,0,0,0,ellipses_nonparallel
GaussianMixture,5% точок,0.5,1,1.0,0,0,0,0,ellipses_nonparallel
GaussianMixture,5% точок,0.5,2,1.0,0,0,0,0,ellipses_nonparallel
GaussianMixture,5% точок,0.5,3,1.0,0,0,0,0,ellipses_nonparallel
GaussianMixture,5% точок,0.5,4,1.0,0,0,0,0,ellipses_nonparallel
GaussianMixture,5% точок,1.0,0,1.0,0,0,0,0,ellipses_nonparallel
GaussianMixture,5% точок,1.0,1,1.0,0,0,0,0,ellipses_nonparallel
GaussianMixture,5% точок,1.0,2,1.0,0,0,0,0,ellipses_nonparallel
GaussianMixture,5% точок,1.0,3,1.0,0,0,0,0,ellipses_nonparallel
GaussianMixture,5% точок,1.0,4,1.0,0,0,0,0,ellipses_nonparallel
GaussianMixture,5% точок,2.0,0,0.9955481068859018,1,1,0,0,ellipses_nonparallel
GaussianMixture,5% точок,2.0,1,0.9866744980084637,3,3,0,0,ellipses_nonparallel
GaussianMixture,5% точок,2.0,2,0.9955481068859018,1,1,0,0,ellipses_nonparallel
GaussianMixture,5% точок,2.0,3,1.0,0,0,0,0,ellipses_nonparallel
GaussianMixture,5% точок,2.0,4,0.9779807397803937,5,5,0,0,ellipses_nonparallel
GaussianMixture,10% точок,0.01,0,1.0,0,0,0,0,ellipses_nonparallel
GaussianMixture,10% точок,0.01,1,1.0,0,0,0,0,ellipses_nonparallel
GaussianMixture,10% точок,0.01,2,1.0,0,0,0,0,ellipses_nonparallel
GaussianMixture,10% точок,0.01,3,1.0,0,0,0,0,ellipses_nonparallel
GaussianMixture,10% точок,0.01,4,1.0,0,0,0,0,ellipses_nonparallel
GaussianMixture,10% точок,0.05,0,1.0,0,0,0,0,ellipses_nonparallel
GaussianMixture,10% точок,0.05,1,1.0,0,0,0,0,ellipses_nonparallel
GaussianMixture,10% точок,0.05,2,1.0,0,0,0,0,ellipses_nonparallel
GaussianMixture,10% точок,0.05,3,1.0,0,0,0,0,ellipses_nonparallel
GaussianMixture,10% точок,0.05,4,1.0,0,0,0,0,ellipses_nonparallel
GaussianMixture,10% точок,0.1,0,1.0,0,0,0,0,ellipses_nonparallel
GaussianMixture,10% точок,0.1,1,1.0,0,0,0,0,ellipses_nonparallel
GaussianMixture,10% точок,0.1,2,1.0,0,0,0,0,ellipses_nonparallel
GaussianMixture,10% точок,0.1,3,1.0,0,0,0,0,ellipses_nonparallel
GaussianMixture,10% точок,0.1,4,1.0,0,0,0,0,ellipses_nonparallel
GaussianMixture,10% точок,0.25,0,1.0,0,0,0,0,ellipses_nonparallel
GaussianMixture,10% точок,0.25,1,1.0,0,0,0,0,ellipses_nonparallel
GaussianMixture,10% точок,0.25,2,1.0,0,0,0,0,ellipses_nonparallel
GaussianMixture,10% точок,0.25,3,1.0,0,0,0,0,ellipses_nonparallel
GaussianMixture,10% точок,0.25,4,1.0,0,0,0,0,ellipses_nonparallel
GaussianMixture,10% точок,0.5,0,1.0,0,0,0,0,ellipses_nonparallel
GaussianMixture,10% точок,0.5,1,1.0,0,0,0,0,ellipses_nonparallel
GaussianMixture,10% точок,0.5,2,1.0,0,0,0,0,ellipses_nonparallel
GaussianMixture,10% точок,0.5,3,1.0,0,0,0,0,ellipses_nonparallel
GaussianMixture,10% точок,0.5,4,1.0,0,0,0,0,ellipses_nonparallel
GaussianMixture,10% точок,1.0,0,1.0,0,0,0,0,ellipses_nonparallel
GaussianMixture,10% точок,1.0,1,1.0,0,0,0,0,ellipses_nonparallel
GaussianMixture,10% точок,1.0,2,1.0,0,0,0,0,ellipses_nonparallel
GaussianMixture,10% точок,1.0,3,1.0,0,0,0,0,ellipses_nonparallel
GaussianMixture,10% точок,1.0,4,1.0,0,0,0,0,ellipses_nonparallel
GaussianMixture,10% точок,2.0,0,0.9955481068859018,1,1,0,0,ellipses_nonparallel
GaussianMixture,10% точок,2.0,1,0.9955481068859018,1,1,0,0,ellipses_nonparallel
GaussianMixture,10% точок,2.0,2,0.9823272243733097,4,4,0,0,ellipses_nonparallel
GaussianMixture,10% точок,2.0,3,1.0,0,0,0,0,ellipses_nonparallel
GaussianMixture,10% точок,2.0,4,0.9822829562093416,4,4,0,0,ellipses_nonparallel
DBSCAN,внутрішня точка,0.01,0,1.0,0,0,0,0,ellipses_nonparallel
DBSCAN,внутрішня точка,0.01,1,1.0,0,0,0,0,ellipses_nonparallel
DBSCAN,внутрішня точка,0.01,2,1.0,0,0,0,0,ellipses_nonparallel
DBSCAN,внутрішня точка,0.01,3,1.0,0,0,0,0,ellipses_nonparallel
DBSCAN,внутрішня точка,0.01,4,1.0,0,0,0,0,ellipses_nonparallel
DBSCAN,внутрішня точка,0.05,0,1.0,0,0,0,0,ellipses_nonparallel
DBSCAN,внутрішня точка,0.05,1,1.0,0,0,0,0,ellipses_nonparallel
DBSCAN,внутрішня точка,0.05,2,1.0,0,0,0,0,ellipses_nonparallel
DBSCAN,внутрішня точка,0.05,3,1.0,0,0,0,0,ellipses_nonparallel
DBSCAN,внутрішня точка,0.05,4,1.0,0,0,0,0,ellipses_nonparallel
DBSCAN,внутрішня точка,0.1,0,1.0,0,0,0,0,ellipses_nonparallel
DBSCAN,внутрішня точка,0.1,1,1.0,0,0,0,0,ellipses_nonparallel
DBSCAN,внутрішня точка,0.1,2,1.0,0,0,0,0,ellipses_nonparallel
DBSCAN,внутрішня точка,0.1,3,1.0,0,0,0,0,ellipses_nonparallel
DBSCAN,внутрішня точка,0.1,4,1.0,0,0,0,0,ellipses_nonparallel
DBSCAN,внутрішня точка,0.25,0,1.0,0,0,0,0,ellipses_nonparallel
DBSCAN,внутрішня точка,0.25,1,1.0,0,0,0,0,ellipses_nonparallel
DBSCAN,внутрішня точка,0.25,2,1.0,0,0,0,0,ellipses_nonparallel
DBSCAN,внутрішня точка,0.25,3,1.0,0,0,0,0,ellipses_nonparallel
DBSCAN,внутрішня точка,0.25,4,1.0,0,0,0,0,ellipses_nonparallel
DBSCAN,внутрішня точка,0.5,0,1.0,0,0,0,0,ellipses_nonparallel
DBSCAN,внутрішня точка,0.5,1,1.0,0,0,0,0,ellipses_nonparallel
DBSCAN,внутрішня точка,0.5,2,1.0,0,0,0,0,ellipses_nonparallel
DBSCAN,внутрішня точка,0.5,3,1.0,0,0,0,0,ellipses_nonparallel
DBSCAN,внутрішня точка,0.5,4,1.0,0,0,0,0,ellipses_nonparallel
DBSCAN,внутрішня точка,1.0,0,1.0,0,0,0,0,ellipses_nonparallel
DBSCAN,внутрішня точка,1.0,1,0.9977391529465556,1,1,0,0,ellipses_nonparallel
DBSCAN,внутрішня точка,1.0,2,0.9977391529465556,1,1,0,0,ellipses_nonparallel
DBSCAN,внутрішня точка,1.0,3,0.9977391529465556,1,1,0,0,ellipses_nonparallel
DBSCAN,внутрішня точка,1.0,4,1.0,0,0,0,0,ellipses_nonparallel
DBSCAN,внутрішня точка,2.0,0,0.9977391529465556,1,1,0,0,ellipses_nonparallel
DBSCAN,внутрішня точка,2.0,1,0.9977391529465556,1,1,0,0,ellipses_nonparallel
DBSCAN,внутрішня точка,2.0,2,0.9977391529465556,1,1,0,0,ellipses_nonparallel
DBSCAN,внутрішня точка,2.0,3,0.9977391529465556,1,1,0,0,ellipses_nonparallel
DBSCAN,внутрішня точка,2.0,4,0.9977391529465556,1,1,0,0,ellipses_nonparallel
DBSCAN,межова точка,0.01,0,1.0,0,0,0,0,ellipses_nonparallel
DBSCAN,межова точка,0.01,1,1.0,0,0,0,0,ellipses_nonparallel
DBSCAN,межова точка,0.01,2,1.0,0,0,0,0,ellipses_nonparallel
DBSCAN,межова точка,0.01,3,1.0,0,0,0,0,ellipses_nonparallel
DBSCAN,межова точка,0.01,4,1.0,0,0,0,0,ellipses_nonparallel
DBSCAN,межова точка,0.05,0,1.0,0,0,0,0,ellipses_nonparallel
DBSCAN,межова точка,0.05,1,1.0,0,0,0,0,ellipses_nonparallel
DBSCAN,межова точка,0.05,2,1.0,0,0,0,0,ellipses_nonparallel
DBSCAN,межова точка,0.05,3,1.0,0,0,0,0,ellipses_nonparallel
DBSCAN,межова точка,0.05,4,1.0,0,0,0,0,ellipses_nonparallel
DBSCAN,межова точка,0.1,0,1.0,0,0,0,0,ellipses_nonparallel
DBSCAN,межова точка,0.1,1,1.0,0,0,0,0,ellipses_nonparallel
DBSCAN,межова точка,0.1,2,1.0,0,0,0,0,ellipses_nonparallel
DBSCAN,межова точка,0.1,3,1.0,0,0,0,0,ellipses_nonparallel
DBSCAN,межова точка,0.1,4,1.0,0,0,0,0,ellipses_nonparallel
DBSCAN,межова точка,0.25,0,1.0,0,0,0,0,ellipses_nonparallel
DBSCAN,межова точка,0.25,1,0.9977391529465556,1,1,0,0,ellipses_nonparallel
DBSCAN,межова точка,0.25,2,1.0,0,0,0,0,ellipses_nonparallel
DBSCAN,межова точка,0.25,3,1.0,0,0,0,0,ellipses_nonparallel
DBSCAN,межова точка,0.25,4,0.9977391529465556,1,1,0,0,ellipses_nonparallel
DBSCAN,межова точка,0.5,0,1.0,0,0,0,0,ellipses_nonparallel
DBSCAN,межова точка,0.5,1,1.0,0,0,0,0,ellipses_nonparallel
DBSCAN,межова точка,0.5,2,0.9977391529465556,1,1,0,0,ellipses_nonparallel
DBSCAN,межова точка,0.5,3,0.9977391529465556,1,1,0,0,ellipses_nonparallel
DBSCAN,межова точка,0.5,4,0.9977391529465556,1,1,0,0,ellipses_nonparallel
DBSCAN,межова точка,1.0,0,0.9977391529465556,1,1,0,0,ellipses_nonparallel
DBSCAN,межова точка,1.0,1,0.9977391529465556,1,1,0,0,ellipses_nonparallel
DBSCAN,межова точка,1.0,2,0.9977391529465556,1,1,0,0,ellipses_nonparallel
DBSCAN,межова точка,1.0,3,0.9977391529465556,1,1,0,0,ellipses_nonparallel
DBSCAN,межова точка,1.0,4,0.9977391529465556,1,1,0,0,ellipses_nonparallel
DBSCAN,межова точка,2.0,0,0.9977391529465556,1,1,0,0,ellipses_nonparallel
DBSCAN,межова точка,2.0,1,0.9977391529465556,1,1,0,0,ellipses_nonparallel
DBSCAN,межова точка,2.0,2,0.9977391529465556,1,1,0,0,ellipses_nonparallel
DBSCAN,межова точка,2.0,3,0.9977391529465556,1,1,0,0,ellipses_nonparallel
DBSCAN,межова точка,2.0,4,0.9977391529465556,1,1,0,0,ellipses_nonparallel
DBSCAN,1% точок,0.01,0,1.0,0,0,0,0,ellipses_nonparallel
DBSCAN,1% точок,0.01,1,1.0,0,0,0,0,ellipses_nonparallel
DBSCAN,1% точок,0.01,2,1.0,0,0,0,0,ellipses_nonparallel
DBSCAN,1% точок,0.01,3,1.0,0,0,0,0,ellipses_nonparallel
DBSCAN,1% точок,0.01,4,1.0,0,0,0,0,ellipses_nonparallel
DBSCAN,1% точок,0.05,0,1.0,0,0,0,0,ellipses_nonparallel
DBSCAN,1% точок,0.05,1,1.0,0,0,0,0,ellipses_nonparallel
DBSCAN,1% точок,0.05,2,1.0,0,0,0,0,ellipses_nonparallel
DBSCAN,1% точок,0.05,3,1.0,0,0,0,0,ellipses_nonparallel
DBSCAN,1% точок,0.05,4,1.0,0,0,0,0,ellipses_nonparallel
DBSCAN,1% точок,0.1,0,1.0,0,0,0,0,ellipses_nonparallel
DBSCAN,1% точок,0.1,1,1.0,0,0,0,0,ellipses_nonparallel
DBSCAN,1% точок,0.1,2,1.0,0,0,0,0,ellipses_nonparallel
DBSCAN,1% точок,0.1,3,1.0,0,0,0,0,ellipses_nonparallel
DBSCAN,1% точок,0.1,4,1.0,0,0,0,0,ellipses_nonparallel
DBSCAN,1% точок,0.25,0,1.0,0,0,0,0,ellipses_nonparallel
DBSCAN,1% точок,0.25,1,1.0,0,0,0,0,ellipses_nonparallel
DBSCAN,1% точок,0.25,2,1.0,0,0,0,0,ellipses_nonparallel
DBSCAN,1% точок,0.25,3,0.9977391529465556,1,1,0,0,ellipses_nonparallel
DBSCAN,1% точок,0.25,4,1.0,0,0,0,0,ellipses_nonparallel
DBSCAN,1% точок,0.5,0,0.9954583117975209,2,1,1,0,ellipses_nonparallel
DBSCAN,1% точок,0.5,1,0.9977391529465556,1,1,0,0,ellipses_nonparallel
DBSCAN,1% точок,0.5,2,0.9954883583470415,2,2,0,0,ellipses_nonparallel
DBSCAN,1% точок,0.5,3,0.9955281677453124,2,1,1,0,ellipses_nonparallel
DBSCAN,1% точок,0.5,4,0.997774053968963,1,0,1,0,ellipses_nonparallel
DBSCAN,1% точок,1.0,0,0.9911116162783908,4,3,1,0,ellipses_nonparallel
DBSCAN,1% точок,1.0,1,0.9910215470848679,4,3,1,0,ellipses_nonparallel
DBSCAN,1% точок,1.0,2,0.9933072938219227,3,2,1,0,ellipses_nonparallel
DBSCAN,1% точок,1.0,3,0.9910215470848679,4,3,1,0,ellipses_nonparallel
DBSCAN,1% точок,1.0,4,0.9910215470848679,4,3,1,0,ellipses_nonparallel
DBSCAN,1% точок,2.0,0,0.984315744612964,7,6,1,0,ellipses_nonparallel
DBSCAN,1% точок,2.0,1,0.9820409755381232,8,6,2,0,ellipses_nonparallel
DBSCAN,1% точок,2.0,2,0.9844514381337158,7,6,1,0,ellipses_nonparallel
DBSCAN,1% точок,2.0,3,0.984225278825454,7,6,1,0,ellipses_nonparallel
DBSCAN,1% точок,2.0,4,0.9866159209662902,6,5,1,0,ellipses_nonparallel
DBSCAN,5% точок,0.01,0,1.0,0,0,0,0,ellipses_nonparallel
DBSCAN,5% точок,0.01,1,1.0,0,0,0,0,ellipses_nonparallel
DBSCAN,5% точок,0.01,2,1.0,0,0,0,0,ellipses_nonparallel
DBSCAN,5% точок,0.01,3,1.0,0,0,0,0,ellipses_nonparallel
DBSCAN,5% точок,0.01,4,1.0,0,0,0,0,ellipses_nonparallel
DBSCAN,5% точок,0.05,0,1.0,0,0,0,0,ellipses_nonparallel
DBSCAN,5% точок,0.05,1,0.9977691317296722,1,1,0,0,ellipses_nonparallel
DBSCAN,5% точок,0.05,2,0.9977691317296722,1,0,1,0,ellipses_nonparallel
DBSCAN,5% точок,0.05,3,1.0,0,0,0,0,ellipses_nonparallel
DBSCAN,5% точок,0.05,4,1.0,0,0,0,0,ellipses_nonparallel
DBSCAN,5% точок,0.1,0,1.0,0,0,0,0,ellipses_nonparallel
DBSCAN,5% точок,0.1,1,1.0,0,0,0,0,ellipses_nonparallel
DBSCAN,5% точок,0.1,2,1.0,0,0,0,0,ellipses_nonparallel
DBSCAN,5% точок,0.1,3,1.0,0,0,0,0,ellipses_nonparallel
DBSCAN,5% точок,0.1,4,1.0,0,0,0,0,ellipses_nonparallel
DBSCAN,5% точок,0.25,0,0.9621370382417826,19,0,19,1,ellipses_nonparallel
DBSCAN,5% точок,0.25,1,0.9955730691158851,2,1,1,0,ellipses_nonparallel
DBSCAN,5% точок,0.25,2,0.9891217079091841,6,1,5,1,ellipses_nonparallel
DBSCAN,5% точок,0.25,3,0.9889654368105262,5,2,3,0,ellipses_nonparallel
DBSCAN,5% точок,0.25,4,0.9977691317296722,1,0,1,0,ellipses_nonparallel
DBSCAN,5% точок,0.5,0,0.9864804200912206,6,5,1,0,ellipses_nonparallel
DBSCAN,5% точок,0.5,1,0.9887158145580994,5,4,1,0,ellipses_nonparallel
DBSCAN,5% точок,0.5,2,0.9865255877359275,6,5,1,0,ellipses_nonparallel
DBSCAN,5% точок,0.5,3,0.9910665820230543,4,3,1,0,ellipses_nonparallel
DBSCAN,5% точок,0.5,4,0.9822594416010372,8,6,2,0,ellipses_nonparallel
DBSCAN,5% точок,1.0,0,0.9684815929822886,14,12,2,0,ellipses_nonparallel
DBSCAN,5% точок,1.0,1,0.9662256024812808,15,13,2,0,ellipses_nonparallel
DBSCAN,5% точок,1.0,2,0.9635982068705378,16,14,2,0,ellipses_nonparallel
DBSCAN,5% точок,1.0,3,0.9725618545588407,12,11,1,0,ellipses_nonparallel
DBSCAN,5% точок,1.0,4,0.9638874114438717,16,14,2,0,ellipses_nonparallel
DBSCAN,5% точок,2.0,0,0.965996281717336,15,13,2,0,ellipses_nonparallel
DBSCAN,5% точок,2.0,1,0.9640245694328551,16,14,2,0,ellipses_nonparallel
DBSCAN,5% точок,2.0,2,0.9455820536490143,24,22,2,1,ellipses_nonparallel
DBSCAN,5% точок,2.0,3,0.9612421811625921,17,15,2,0,ellipses_nonparallel
DBSCAN,5% точок,2.0,4,0.9565606950186524,19,17,2,0,ellipses_nonparallel
DBSCAN,10% точок,0.01,0,0.9977691317296722,1,0,1,0,ellipses_nonparallel
DBSCAN,10% точок,0.01,1,1.0,0,0,0,0,ellipses_nonparallel
DBSCAN,10% точок,0.01,2,1.0,0,0,0,0,ellipses_nonparallel
DBSCAN,10% точок,0.01,3,1.0,0,0,0,0,ellipses_nonparallel
DBSCAN,10% точок,0.01,4,0.9977691317296722,1,0,1,0,ellipses_nonparallel
DBSCAN,10% точок,0.05,0,1.0,0,0,0,0,ellipses_nonparallel
DBSCAN,10% точок,0.05,1,1.0,0,0,0,0,ellipses_nonparallel
DBSCAN,10% точок,0.05,2,1.0,0,0,0,0,ellipses_nonparallel
DBSCAN,10% точок,0.05,3,1.0,0,0,0,0,ellipses_nonparallel
DBSCAN,10% точок,0.05,4,1.0,0,0,0,0,ellipses_nonparallel
DBSCAN,10% точок,0.1,0,0.997774053968963,1,0,1,0,ellipses_nonparallel
DBSCAN,10% точок,0.1,1,0.997774053968963,1,0,1,0,ellipses_nonparallel
DBSCAN,10% точок,0.1,2,0.9977391529465556,1,1,0,0,ellipses_nonparallel
DBSCAN,10% точок,0.1,3,0.9955281677453124,2,0,2,0,ellipses_nonparallel
DBSCAN,10% точок,0.1,4,0.997774053968963,1,1,0,0,ellipses_nonparallel
DBSCAN,10% точок,0.25,0,0.9955281677453124,2,1,1,0,ellipses_nonparallel
DBSCAN,10% точок,0.25,1,0.997774053968963,1,0,1,0,ellipses_nonparallel
DBSCAN,10% точок,0.25,2,0.9910215470848679,4,4,0,0,ellipses_nonparallel
DBSCAN,10% точок,0.25,3,0.997774053968963,1,0,1,0,ellipses_nonparallel
DBSCAN,10% точок,0.25,4,0.9888903230600009,5,3,2,0,ellipses_nonparallel
DBSCAN,10% точок,0.5,0,0.979864604062089,9,7,2,0,ellipses_nonparallel
DBSCAN,10% точок,0.5,1,0.9888903230600009,5,4,1,0,ellipses_nonparallel
DBSCAN,10% точок,0.5,2,0.9911610272156508,4,2,2,0,ellipses_nonparallel
DBSCAN,10% точок,0.5,3,0.984379324614856,7,5,2,0,ellipses_nonparallel
DBSCAN,10% точок,0.5,4,0.9801957333391054,9,7,2,0,ellipses_nonparallel
DBSCAN,10% точок,1.0,0,0.9729816924486581,12,10,2,0,ellipses_nonparallel
DBSCAN,10% точок,1.0,1,0.9729511084700342,12,10,2,0,ellipses_nonparallel
DBSCAN,10% точок,1.0,2,0.9730271550554259,12,10,2,0,ellipses_nonparallel
DBSCAN,10% точок,1.0,3,0.9662702237048748,15,13,2,0,ellipses_nonparallel
DBSCAN,10% точок,1.0,4,0.9774639744704312,10,9,1,0,ellipses_nonparallel
DBSCAN,10% точок,2.0,0,0.9728907651537375,12,10,2,0,ellipses_nonparallel
DBSCAN,10% точок,2.0,1,0.9844284851514837,6,5,1,0,ellipses_nonparallel
DBSCAN,10% точок,2.0,2,0.982199355035757,8,6,2,0,ellipses_nonparallel
DBSCAN,10% точок,2.0,3,0.9843341893599147,7,5,2,0,ellipses_nonparallel
DBSCAN,10% точок,2.0,4,0.9689590480939363,10,8,2,0,ellipses_nonparallel
Agglomerative(Ward),внутрішня точка,0.01,0,1.0,0,0,0,0,ellipses_nonparallel
Agglomerative(Ward),внутрішня точка,0.01,1,1.0,0,0,0,0,ellipses_nonparallel
Agglomerative(Ward),внутрішня точка,0.01,2,1.0,0,0,0,0,ellipses_nonparallel
Agglomerative(Ward),внутрішня точка,0.01,3,1.0,0,0,0,0,ellipses_nonparallel
Agglomerative(Ward),внутрішня точка,0.01,4,1.0,0,0,0,0,ellipses_nonparallel
Agglomerative(Ward),внутрішня точка,0.05,0,1.0,0,0,0,0,ellipses_nonparallel
Agglomerative(Ward),внутрішня точка,0.05,1,1.0,0,0,0,0,ellipses_nonparallel
Agglomerative(Ward),внутрішня точка,0.05,2,1.0,0,0,0,0,ellipses_nonparallel
Agglomerative(Ward),внутрішня точка,0.05,3,1.0,0,0,0,0,ellipses_nonparallel
Agglomerative(Ward),внутрішня точка,0.05,4,1.0,0,0,0,0,ellipses_nonparallel
Agglomerative(Ward),внутрішня точка,0.1,0,1.0,0,0,0,0,ellipses_nonparallel
Agglomerative(Ward),внутрішня точка,0.1,1,1.0,0,0,0,0,ellipses_nonparallel
Agglomerative(Ward),внутрішня точка,0.1,2,1.0,0,0,0,0,ellipses_nonparallel
Agglomerative(Ward),внутрішня точка,0.1,3,1.0,0,0,0,0,ellipses_nonparallel
Agglomerative(Ward),внутрішня точка,0.1,4,1.0,0,0,0,0,ellipses_nonparallel
Agglomerative(Ward),внутрішня точка,0.25,0,1.0,0,0,0,0,ellipses_nonparallel
Agglomerative(Ward),внутрішня точка,0.25,1,1.0,0,0,0,0,ellipses_nonparallel
Agglomerative(Ward),внутрішня точка,0.25,2,1.0,0,0,0,0,ellipses_nonparallel
Agglomerative(Ward),внутрішня точка,0.25,3,1.0,0,0,0,0,ellipses_nonparallel
Agglomerative(Ward),внутрішня точка,0.25,4,1.0,0,0,0,0,ellipses_nonparallel
Agglomerative(Ward),внутрішня точка,0.5,0,1.0,0,0,0,0,ellipses_nonparallel
Agglomerative(Ward),внутрішня точка,0.5,1,1.0,0,0,0,0,ellipses_nonparallel
Agglomerative(Ward),внутрішня точка,0.5,2,1.0,0,0,0,0,ellipses_nonparallel
Agglomerative(Ward),внутрішня точка,0.5,3,1.0,0,0,0,0,ellipses_nonparallel
Agglomerative(Ward),внутрішня точка,0.5,4,1.0,0,0,0,0,ellipses_nonparallel
Agglomerative(Ward),внутрішня точка,1.0,0,1.0,0,0,0,0,ellipses_nonparallel
Agglomerative(Ward),внутрішня точка,1.0,1,1.0,0,0,0,0,ellipses_nonparallel
Agglomerative(Ward),внутрішня точка,1.0,2,1.0,0,0,0,0,ellipses_nonparallel
Agglomerative(Ward),внутрішня точка,1.0,3,1.0,0,0,0,0,ellipses_nonparallel
Agglomerative(Ward),внутрішня точка,1.0,4,1.0,0,0,0,0,ellipses_nonparallel
Agglomerative(Ward),внутрішня точка,2.0,0,1.0,0,0,0,0,ellipses_nonparallel
Agglomerative(Ward),внутрішня точка,2.0,1,1.0,0,0,0,0,ellipses_nonparallel
Agglomerative(Ward),внутрішня точка,2.0,2,1.0,0,0,0,0,ellipses_nonparallel
Agglomerative(Ward),внутрішня точка,2.0,3,1.0,0,0,0,0,ellipses_nonparallel
Agglomerative(Ward),внутрішня точка,2.0,4,1.0,0,0,0,0,ellipses_nonparallel
Agglomerative(Ward),межова точка,0.01,0,1.0,0,0,0,0,ellipses_nonparallel
Agglomerative(Ward),межова точка,0.01,1,1.0,0,0,0,0,ellipses_nonparallel
Agglomerative(Ward),межова точка,0.01,2,1.0,0,0,0,0,ellipses_nonparallel
Agglomerative(Ward),межова точка,0.01,3,1.0,0,0,0,0,ellipses_nonparallel
Agglomerative(Ward),межова точка,0.01,4,1.0,0,0,0,0,ellipses_nonparallel
Agglomerative(Ward),межова точка,0.05,0,1.0,0,0,0,0,ellipses_nonparallel
Agglomerative(Ward),межова точка,0.05,1,1.0,0,0,0,0,ellipses_nonparallel
Agglomerative(Ward),межова точка,0.05,2,1.0,0,0,0,0,ellipses_nonparallel
Agglomerative(Ward),межова точка,0.05,3,1.0,0,0,0,0,ellipses_nonparallel
Agglomerative(Ward),межова точка,0.05,4,1.0,0,0,0,0,ellipses_nonparallel
Agglomerative(Ward),межова точка,0.1,0,1.0,0,0,0,0,ellipses_nonparallel
Agglomerative(Ward),межова точка,0.1,1,1.0,0,0,0,0,ellipses_nonparallel
Agglomerative(Ward),межова точка,0.1,2,1.0,0,0,0,0,ellipses_nonparallel
Agglomerative(Ward),межова точка,0.1,3,1.0,0,0,0,0,ellipses_nonparallel
Agglomerative(Ward),межова точка,0.1,4,1.0,0,0,0,0,ellipses_nonparallel
Agglomerative(Ward),межова точка,0.25,0,1.0,0,0,0,0,ellipses_nonparallel
Agglomerative(Ward),межова точка,0.25,1,1.0,0,0,0,0,ellipses_nonparallel
Agglomerative(Ward),межова точка,0.25,2,1.0,0,0,0,0,ellipses_nonparallel
Agglomerative(Ward),межова точка,0.25,3,1.0,0,0,0,0,ellipses_nonparallel
Agglomerative(Ward),межова точка,0.25,4,1.0,0,0,0,0,ellipses_nonparallel
Agglomerative(Ward),межова точка,0.5,0,1.0,0,0,0,0,ellipses_nonparallel
Agglomerative(Ward),межова точка,0.5,1,1.0,0,0,0,0,ellipses_nonparallel
Agglomerative(Ward),межова точка,0.5,2,1.0,0,0,0,0,ellipses_nonparallel
Agglomerative(Ward),межова точка,0.5,3,1.0,0,0,0,0,ellipses_nonparallel
Agglomerative(Ward),межова точка,0.5,4,1.0,0,0,0,0,ellipses_nonparallel
Agglomerative(Ward),межова точка,1.0,0,1.0,0,0,0,0,ellipses_nonparallel
Agglomerative(Ward),межова точка,1.0,1,1.0,0,0,0,0,ellipses_nonparallel
Agglomerative(Ward),межова точка,1.0,2,1.0,0,0,0,0,ellipses_nonparallel
Agglomerative(Ward),межова точка,1.0,3,1.0,0,0,0,0,ellipses_nonparallel
Agglomerative(Ward),межова точка,1.0,4,1.0,0,0,0,0,ellipses_nonparallel
Agglomerative(Ward),межова точка,2.0,0,1.0,0,0,0,0,ellipses_nonparallel
Agglomerative(Ward),межова точка,2.0,1,1.0,0,0,0,0,ellipses_nonparallel
Agglomerative(Ward),межова точка,2.0,2,0.9955481068859018,1,1,0,0,ellipses_nonparallel
Agglomerative(Ward),межова точка,2.0,3,1.0,0,0,0,0,ellipses_nonparallel
Agglomerative(Ward),межова точка,2.0,4,1.0,0,0,0,0,ellipses_nonparallel
Agglomerative(Ward),1% точок,0.01,0,1.0,0,0,0,0,ellipses_nonparallel
Agglomerative(Ward),1% точок,0.01,1,1.0,0,0,0,0,ellipses_nonparallel
Agglomerative(Ward),1% точок,0.01,2,1.0,0,0,0,0,ellipses_nonparallel
Agglomerative(Ward),1% точок,0.01,3,1.0,0,0,0,0,ellipses_nonparallel
Agglomerative(Ward),1% точок,0.01,4,1.0,0,0,0,0,ellipses_nonparallel
Agglomerative(Ward),1% точок,0.05,0,1.0,0,0,0,0,ellipses_nonparallel
Agglomerative(Ward),1% точок,0.05,1,1.0,0,0,0,0,ellipses_nonparallel
Agglomerative(Ward),1% точок,0.05,2,1.0,0,0,0,0,ellipses_nonparallel
Agglomerative(Ward),1% точок,0.05,3,1.0,0,0,0,0,ellipses_nonparallel
Agglomerative(Ward),1% точок,0.05,4,1.0,0,0,0,0,ellipses_nonparallel
Agglomerative(Ward),1% точок,0.1,0,1.0,0,0,0,0,ellipses_nonparallel
Agglomerative(Ward),1% точок,0.1,1,1.0,0,0,0,0,ellipses_nonparallel
Agglomerative(Ward),1% точок,0.1,2,1.0,0,0,0,0,ellipses_nonparallel
Agglomerative(Ward),1% точок,0.1,3,1.0,0,0,0,0,ellipses_nonparallel
Agglomerative(Ward),1% точок,0.1,4,1.0,0,0,0,0,ellipses_nonparallel
Agglomerative(Ward),1% точок,0.25,0,1.0,0,0,0,0,ellipses_nonparallel
Agglomerative(Ward),1% точок,0.25,1,1.0,0,0,0,0,ellipses_nonparallel
Agglomerative(Ward),1% точок,0.25,2,1.0,0,0,0,0,ellipses_nonparallel
Agglomerative(Ward),1% точок,0.25,3,1.0,0,0,0,0,ellipses_nonparallel
Agglomerative(Ward),1% точок,0.25,4,1.0,0,0,0,0,ellipses_nonparallel
Agglomerative(Ward),1% точок,0.5,0,1.0,0,0,0,0,ellipses_nonparallel
Agglomerative(Ward),1% точок,0.5,1,1.0,0,0,0,0,ellipses_nonparallel
Agglomerative(Ward),1% точок,0.5,2,1.0,0,0,0,0,ellipses_nonparallel
Agglomerative(Ward),1% точок,0.5,3,1.0,0,0,0,0,ellipses_nonparallel
Agglomerative(Ward),1% точок,0.5,4,1.0,0,0,0,0,ellipses_nonparallel
Agglomerative(Ward),1% точок,1.0,0,1.0,0,0,0,0,ellipses_nonparallel
Agglomerative(Ward),1% точок,1.0,1,1.0,0,0,0,0,ellipses_nonparallel
Agglomerative(Ward),1% точок,1.0,2,1.0,0,0,0,0,ellipses_nonparallel
Agglomerative(Ward),1% точок,1.0,3,1.0,0,0,0,0,ellipses_nonparallel
Agglomerative(Ward),1% точок,1.0,4,1.0,0,0,0,0,ellipses_nonparallel
Agglomerative(Ward),1% точок,2.0,0,1.0,0,0,0,0,ellipses_nonparallel
Agglomerative(Ward),1% точок,2.0,1,0.9955481068859018,1,1,0,0,ellipses_nonparallel
Agglomerative(Ward),1% точок,2.0,2,1.0,0,0,0,0,ellipses_nonparallel
Agglomerative(Ward),1% точок,2.0,3,1.0,0,0,0,0,ellipses_nonparallel
Agglomerative(Ward),1% точок,2.0,4,1.0,0,0,0,0,ellipses_nonparallel
Agglomerative(Ward),5% точок,0.01,0,1.0,0,0,0,0,ellipses_nonparallel
Agglomerative(Ward),5% точок,0.01,1,1.0,0,0,0,0,ellipses_nonparallel
Agglomerative(Ward),5% точок,0.01,2,1.0,0,0,0,0,ellipses_nonparallel
Agglomerative(Ward),5% точок,0.01,3,1.0,0,0,0,0,ellipses_nonparallel
Agglomerative(Ward),5% точок,0.01,4,1.0,0,0,0,0,ellipses_nonparallel
Agglomerative(Ward),5% точок,0.05,0,1.0,0,0,0,0,ellipses_nonparallel
Agglomerative(Ward),5% точок,0.05,1,1.0,0,0,0,0,ellipses_nonparallel
Agglomerative(Ward),5% точок,0.05,2,1.0,0,0,0,0,ellipses_nonparallel
Agglomerative(Ward),5% точок,0.05,3,1.0,0,0,0,0,ellipses_nonparallel
Agglomerative(Ward),5% точок,0.05,4,1.0,0,0,0,0,ellipses_nonparallel
Agglomerative(Ward),5% точок,0.1,0,1.0,0,0,0,0,ellipses_nonparallel
Agglomerative(Ward),5% точок,0.1,1,1.0,0,0,0,0,ellipses_nonparallel
Agglomerative(Ward),5% точок,0.1,2,1.0,0,0,0,0,ellipses_nonparallel
Agglomerative(Ward),5% точок,0.1,3,1.0,0,0,0,0,ellipses_nonparallel
Agglomerative(Ward),5% точок,0.1,4,1.0,0,0,0,0,ellipses_nonparallel
Agglomerative(Ward),5% точок,0.25,0,1.0,0,0,0,0,ellipses_nonparallel
Agglomerative(Ward),5% точок,0.25,1,1.0,0,0,0,0,ellipses_nonparallel
Agglomerative(Ward),5% точок,0.25,2,1.0,0,0,0,0,ellipses_nonparallel
Agglomerative(Ward),5% точок,0.25,3,1.0,0,0,0,0,ellipses_nonparallel
Agglomerative(Ward),5% точок,0.25,4,1.0,0,0,0,0,ellipses_nonparallel
Agglomerative(Ward),5% точок,0.5,0,1.0,0,0,0,0,ellipses_nonparallel
Agglomerative(Ward),5% точок,0.5,1,1.0,0,0,0,0,ellipses_nonparallel
Agglomerative(Ward),5% точок,0.5,2,1.0,0,0,0,0,ellipses_nonparallel
Agglomerative(Ward),5% точок,0.5,3,1.0,0,0,0,0,ellipses_nonparallel
Agglomerative(Ward),5% точок,0.5,4,1.0,0,0,0,0,ellipses_nonparallel
Agglomerative(Ward),5% точок,1.0,0,1.0,0,0,0,0,ellipses_nonparallel
Agglomerative(Ward),5% точок,1.0,1,1.0,0,0,0,0,ellipses_nonparallel
Agglomerative(Ward),5% точок,1.0,2,1.0,0,0,0,0,ellipses_nonparallel
Agglomerative(Ward),5% точок,1.0,3,1.0,0,0,0,0,ellipses_nonparallel
Agglomerative(Ward),5% точок,1.0,4,1.0,0,0,0,0,ellipses_nonparallel
Agglomerative(Ward),5% точок,2.0,0,1.0,0,0,0,0,ellipses_nonparallel
Agglomerative(Ward),5% точок,2.0,1,1.0,0,0,0,0,ellipses_nonparallel
Agglomerative(Ward),5% точок,2.0,2,1.0,0,0,0,0,ellipses_nonparallel
Agglomerative(Ward),5% точок,2.0,3,1.0,0,0,0,0,ellipses_nonparallel
Agglomerative(Ward),5% точок,2.0,4,0.9911111030464326,2,2,0,0,ellipses_nonparallel
Agglomerative(Ward),10% точок,0.01,0,1.0,0,0,0,0,ellipses_nonparallel
Agglomerative(Ward),10% точок,0.01,1,1.0,0,0,0,0,ellipses_nonparallel
Agglomerative(Ward),10% точок,0.01,2,1.0,0,0,0,0,ellipses_nonparallel
Agglomerative(Ward),10% точок,0.01,3,1.0,0,0,0,0,ellipses_nonparallel
Agglomerative(Ward),10% точок,0.01,4,1.0,0,0,0,0,ellipses_nonparallel
Agglomerative(Ward),10% точок,0.05,0,1.0,0,0,0,0,ellipses_nonparallel
Agglomerative(Ward),10% точок,0.05,1,1.0,0,0,0,0,ellipses_nonparallel
Agglomerative(Ward),10% точок,0.05,2,1.0,0,0,0,0,ellipses_nonparallel
Agglomerative(Ward),10% точок,0.05,3,1.0,0,0,0,0,ellipses_nonparallel
Agglomerative(Ward),10% точок,0.05,4,1.0,0,0,0,0,ellipses_nonparallel
Agglomerative(Ward),10% точок,0.1,0,1.0,0,0,0,0,ellipses_nonparallel
Agglomerative(Ward),10% точок,0.1,1,1.0,0,0,0,0,ellipses_nonparallel
Agglomerative(Ward),10% точок,0.1,2,1.0,0,0,0,0,ellipses_nonparallel
Agglomerative(Ward),10% точок,0.1,3,1.0,0,0,0,0,ellipses_nonparallel
Agglomerative(Ward),10% точок,0.1,4,1.0,0,0,0,0,ellipses_nonparallel
Agglomerative(Ward),10% точок,0.25,0,1.0,0,0,0,0,ellipses_nonparallel
Agglomerative(Ward),10% точок,0.25,1,1.0,0,0,0,0,ellipses_nonparallel
Agglomerative(Ward),10% точок,0.25,2,1.0,0,0,0,0,ellipses_nonparallel
Agglomerative(Ward),10% точок,0.25,3,1.0,0,0,0,0,ellipses_nonparallel
Agglomerative(Ward),10% точок,0.25,4,1.0,0,0,0,0,ellipses_nonparallel
Agglomerative(Ward),10% точок,0.5,0,1.0,0,0,0,0,ellipses_nonparallel
Agglomerative(Ward),10% точок,0.5,1,1.0,0,0,0,0,ellipses_nonparallel
Agglomerative(Ward),10% точок,0.5,2,1.0,0,0,0,0,ellipses_nonparallel
Agglomerative(Ward),10% точок,0.5,3,1.0,0,0,0,0,ellipses_nonparallel
Agglomerative(Ward),10% точок,0.5,4,1.0,0,0,0,0,ellipses_nonparallel
Agglomerative(Ward),10% точок,1.0,0,1.0,0,0,0,0,ellipses_nonparallel
Agglomerative(Ward),10% точок,1.0,1,1.0,0,0,0,0,ellipses_nonparallel
Agglomerative(Ward),10% точок,1.0,2,1.0,0,0,0,0,ellipses_nonparallel
Agglomerative(Ward),10% точок,1.0,3,1.0,0,0,0,0,ellipses_nonparallel
Agglomerative(Ward),10% точок,1.0,4,1.0,0,0,0,0,ellipses_nonparallel
Agglomerative(Ward),10% точок,2.0,0,0.9955481068859018,1,1,0,0,ellipses_nonparallel
Agglomerative(Ward),10% точок,2.0,1,0.9955481068859018,1,1,0,0,ellipses_nonparallel
Agglomerative(Ward),10% точок,2.0,2,0.9955481068859018,1,1,0,0,ellipses_nonparallel
Agglomerative(Ward),10% точок,2.0,3,1.0,0,0,0,0,ellipses_nonparallel
Agglomerative(Ward),10% точок,2.0,4,0.9867344503200121,3,3,0,0,ellipses_nonparallel
DBSCAN(фікс. eps),внутрішня точка,0.01,0,1.0,0,0,0,0,ellipses_nonparallel
DBSCAN(фікс. eps),внутрішня точка,0.01,1,1.0,0,0,0,0,ellipses_nonparallel
DBSCAN(фікс. eps),внутрішня точка,0.01,2,1.0,0,0,0,0,ellipses_nonparallel
DBSCAN(фікс. eps),внутрішня точка,0.01,3,1.0,0,0,0,0,ellipses_nonparallel
DBSCAN(фікс. eps),внутрішня точка,0.01,4,1.0,0,0,0,0,ellipses_nonparallel
DBSCAN(фікс. eps),внутрішня точка,0.05,0,1.0,0,0,0,0,ellipses_nonparallel
DBSCAN(фікс. eps),внутрішня точка,0.05,1,1.0,0,0,0,0,ellipses_nonparallel
DBSCAN(фікс. eps),внутрішня точка,0.05,2,1.0,0,0,0,0,ellipses_nonparallel
DBSCAN(фікс. eps),внутрішня точка,0.05,3,1.0,0,0,0,0,ellipses_nonparallel
DBSCAN(фікс. eps),внутрішня точка,0.05,4,1.0,0,0,0,0,ellipses_nonparallel
DBSCAN(фікс. eps),внутрішня точка,0.1,0,1.0,0,0,0,0,ellipses_nonparallel
DBSCAN(фікс. eps),внутрішня точка,0.1,1,1.0,0,0,0,0,ellipses_nonparallel
DBSCAN(фікс. eps),внутрішня точка,0.1,2,1.0,0,0,0,0,ellipses_nonparallel
DBSCAN(фікс. eps),внутрішня точка,0.1,3,1.0,0,0,0,0,ellipses_nonparallel
DBSCAN(фікс. eps),внутрішня точка,0.1,4,1.0,0,0,0,0,ellipses_nonparallel
DBSCAN(фікс. eps),внутрішня точка,0.25,0,1.0,0,0,0,0,ellipses_nonparallel
DBSCAN(фікс. eps),внутрішня точка,0.25,1,1.0,0,0,0,0,ellipses_nonparallel
DBSCAN(фікс. eps),внутрішня точка,0.25,2,1.0,0,0,0,0,ellipses_nonparallel
DBSCAN(фікс. eps),внутрішня точка,0.25,3,1.0,0,0,0,0,ellipses_nonparallel
DBSCAN(фікс. eps),внутрішня точка,0.25,4,1.0,0,0,0,0,ellipses_nonparallel
DBSCAN(фікс. eps),внутрішня точка,0.5,0,1.0,0,0,0,0,ellipses_nonparallel
DBSCAN(фікс. eps),внутрішня точка,0.5,1,1.0,0,0,0,0,ellipses_nonparallel
DBSCAN(фікс. eps),внутрішня точка,0.5,2,1.0,0,0,0,0,ellipses_nonparallel
DBSCAN(фікс. eps),внутрішня точка,0.5,3,1.0,0,0,0,0,ellipses_nonparallel
DBSCAN(фікс. eps),внутрішня точка,0.5,4,1.0,0,0,0,0,ellipses_nonparallel
DBSCAN(фікс. eps),внутрішня точка,1.0,0,1.0,0,0,0,0,ellipses_nonparallel
DBSCAN(фікс. eps),внутрішня точка,1.0,1,0.9977391529465556,1,1,0,0,ellipses_nonparallel
DBSCAN(фікс. eps),внутрішня точка,1.0,2,0.9977391529465556,1,1,0,0,ellipses_nonparallel
DBSCAN(фікс. eps),внутрішня точка,1.0,3,0.9977391529465556,1,1,0,0,ellipses_nonparallel
DBSCAN(фікс. eps),внутрішня точка,1.0,4,1.0,0,0,0,0,ellipses_nonparallel
DBSCAN(фікс. eps),внутрішня точка,2.0,0,0.9977391529465556,1,1,0,0,ellipses_nonparallel
DBSCAN(фікс. eps),внутрішня точка,2.0,1,0.9977391529465556,1,1,0,0,ellipses_nonparallel
DBSCAN(фікс. eps),внутрішня точка,2.0,2,0.9977391529465556,1,1,0,0,ellipses_nonparallel
DBSCAN(фікс. eps),внутрішня точка,2.0,3,0.9977391529465556,1,1,0,0,ellipses_nonparallel
DBSCAN(фікс. eps),внутрішня точка,2.0,4,0.9977391529465556,1,1,0,0,ellipses_nonparallel
DBSCAN(фікс. eps),межова точка,0.01,0,1.0,0,0,0,0,ellipses_nonparallel
DBSCAN(фікс. eps),межова точка,0.01,1,1.0,0,0,0,0,ellipses_nonparallel
DBSCAN(фікс. eps),межова точка,0.01,2,1.0,0,0,0,0,ellipses_nonparallel
DBSCAN(фікс. eps),межова точка,0.01,3,1.0,0,0,0,0,ellipses_nonparallel
DBSCAN(фікс. eps),межова точка,0.01,4,1.0,0,0,0,0,ellipses_nonparallel
DBSCAN(фікс. eps),межова точка,0.05,0,1.0,0,0,0,0,ellipses_nonparallel
DBSCAN(фікс. eps),межова точка,0.05,1,1.0,0,0,0,0,ellipses_nonparallel
DBSCAN(фікс. eps),межова точка,0.05,2,1.0,0,0,0,0,ellipses_nonparallel
DBSCAN(фікс. eps),межова точка,0.05,3,1.0,0,0,0,0,ellipses_nonparallel
DBSCAN(фікс. eps),межова точка,0.05,4,1.0,0,0,0,0,ellipses_nonparallel
DBSCAN(фікс. eps),межова точка,0.1,0,1.0,0,0,0,0,ellipses_nonparallel
DBSCAN(фікс. eps),межова точка,0.1,1,1.0,0,0,0,0,ellipses_nonparallel
DBSCAN(фікс. eps),межова точка,0.1,2,1.0,0,0,0,0,ellipses_nonparallel
DBSCAN(фікс. eps),межова точка,0.1,3,1.0,0,0,0,0,ellipses_nonparallel
DBSCAN(фікс. eps),межова точка,0.1,4,1.0,0,0,0,0,ellipses_nonparallel
DBSCAN(фікс. eps),межова точка,0.25,0,1.0,0,0,0,0,ellipses_nonparallel
DBSCAN(фікс. eps),межова точка,0.25,1,0.9977391529465556,1,1,0,0,ellipses_nonparallel
DBSCAN(фікс. eps),межова точка,0.25,2,1.0,0,0,0,0,ellipses_nonparallel
DBSCAN(фікс. eps),межова точка,0.25,3,1.0,0,0,0,0,ellipses_nonparallel
DBSCAN(фікс. eps),межова точка,0.25,4,0.9977391529465556,1,1,0,0,ellipses_nonparallel
DBSCAN(фікс. eps),межова точка,0.5,0,1.0,0,0,0,0,ellipses_nonparallel
DBSCAN(фікс. eps),межова точка,0.5,1,1.0,0,0,0,0,ellipses_nonparallel
DBSCAN(фікс. eps),межова точка,0.5,2,0.9977391529465556,1,1,0,0,ellipses_nonparallel
DBSCAN(фікс. eps),межова точка,0.5,3,0.9977391529465556,1,1,0,0,ellipses_nonparallel
DBSCAN(фікс. eps),межова точка,0.5,4,0.9977391529465556,1,1,0,0,ellipses_nonparallel
DBSCAN(фікс. eps),межова точка,1.0,0,0.9977391529465556,1,1,0,0,ellipses_nonparallel
DBSCAN(фікс. eps),межова точка,1.0,1,0.9977391529465556,1,1,0,0,ellipses_nonparallel
DBSCAN(фікс. eps),межова точка,1.0,2,0.9977391529465556,1,1,0,0,ellipses_nonparallel
DBSCAN(фікс. eps),межова точка,1.0,3,0.9977391529465556,1,1,0,0,ellipses_nonparallel
DBSCAN(фікс. eps),межова точка,1.0,4,0.9977391529465556,1,1,0,0,ellipses_nonparallel
DBSCAN(фікс. eps),межова точка,2.0,0,0.9977391529465556,1,1,0,0,ellipses_nonparallel
DBSCAN(фікс. eps),межова точка,2.0,1,0.9977391529465556,1,1,0,0,ellipses_nonparallel
DBSCAN(фікс. eps),межова точка,2.0,2,0.9977391529465556,1,1,0,0,ellipses_nonparallel
DBSCAN(фікс. eps),межова точка,2.0,3,0.9977391529465556,1,1,0,0,ellipses_nonparallel
DBSCAN(фікс. eps),межова точка,2.0,4,0.9977391529465556,1,1,0,0,ellipses_nonparallel
DBSCAN(фікс. eps),1% точок,0.01,0,1.0,0,0,0,0,ellipses_nonparallel
DBSCAN(фікс. eps),1% точок,0.01,1,1.0,0,0,0,0,ellipses_nonparallel
DBSCAN(фікс. eps),1% точок,0.01,2,1.0,0,0,0,0,ellipses_nonparallel
DBSCAN(фікс. eps),1% точок,0.01,3,1.0,0,0,0,0,ellipses_nonparallel
DBSCAN(фікс. eps),1% точок,0.01,4,1.0,0,0,0,0,ellipses_nonparallel
DBSCAN(фікс. eps),1% точок,0.05,0,1.0,0,0,0,0,ellipses_nonparallel
DBSCAN(фікс. eps),1% точок,0.05,1,1.0,0,0,0,0,ellipses_nonparallel
DBSCAN(фікс. eps),1% точок,0.05,2,1.0,0,0,0,0,ellipses_nonparallel
DBSCAN(фікс. eps),1% точок,0.05,3,1.0,0,0,0,0,ellipses_nonparallel
DBSCAN(фікс. eps),1% точок,0.05,4,1.0,0,0,0,0,ellipses_nonparallel
DBSCAN(фікс. eps),1% точок,0.1,0,1.0,0,0,0,0,ellipses_nonparallel
DBSCAN(фікс. eps),1% точок,0.1,1,1.0,0,0,0,0,ellipses_nonparallel
DBSCAN(фікс. eps),1% точок,0.1,2,1.0,0,0,0,0,ellipses_nonparallel
DBSCAN(фікс. eps),1% точок,0.1,3,1.0,0,0,0,0,ellipses_nonparallel
DBSCAN(фікс. eps),1% точок,0.1,4,1.0,0,0,0,0,ellipses_nonparallel
DBSCAN(фікс. eps),1% точок,0.25,0,1.0,0,0,0,0,ellipses_nonparallel
DBSCAN(фікс. eps),1% точок,0.25,1,1.0,0,0,0,0,ellipses_nonparallel
DBSCAN(фікс. eps),1% точок,0.25,2,1.0,0,0,0,0,ellipses_nonparallel
DBSCAN(фікс. eps),1% точок,0.25,3,0.9954883583470415,2,2,0,0,ellipses_nonparallel
DBSCAN(фікс. eps),1% точок,0.25,4,1.0,0,0,0,0,ellipses_nonparallel
DBSCAN(фікс. eps),1% точок,0.5,0,0.9909719935666582,4,1,3,0,ellipses_nonparallel
DBSCAN(фікс. eps),1% точок,0.5,1,0.9977391529465556,1,1,0,0,ellipses_nonparallel
DBSCAN(фікс. eps),1% точок,0.5,2,0.9954883583470415,2,2,0,0,ellipses_nonparallel
DBSCAN(фікс. eps),1% точок,0.5,3,0.9977391529465556,1,1,0,0,ellipses_nonparallel
DBSCAN(фікс. eps),1% точок,0.5,4,1.0,0,0,0,0,ellipses_nonparallel
DBSCAN(фікс. eps),1% точок,1.0,0,0.9932627566509306,3,3,0,0,ellipses_nonparallel
DBSCAN(фікс. eps),1% точок,1.0,1,0.988766885163839,5,3,2,0,ellipses_nonparallel
DBSCAN(фікс. eps),1% точок,1.0,2,0.9954883583470415,2,2,0,0,ellipses_nonparallel
DBSCAN(фікс. eps),1% точок,1.0,3,0.9909420879266813,4,4,0,0,ellipses_nonparallel
DBSCAN(фікс. eps),1% точок,1.0,4,0.9932025303079056,3,3,0,0,ellipses_nonparallel
DBSCAN(фікс. eps),1% точок,2.0,0,0.9820042536893935,8,6,2,0,ellipses_nonparallel
DBSCAN(фікс. eps),1% точок,2.0,1,0.9797199242064546,9,6,3,0,ellipses_nonparallel
DBSCAN(фікс. eps),1% точок,2.0,2,0.986587387154561,6,6,0,0,ellipses_nonparallel
DBSCAN(фікс. eps),1% точок,2.0,3,0.9863461163109096,6,6,0,0,ellipses_nonparallel
DBSCAN(фікс. eps),1% точок,2.0,4,0.988766885163839,5,5,0,0,ellipses_nonparallel
DBSCAN(фікс. eps),5% точок,0.01,0,1.0,0,0,0,0,ellipses_nonparallel
DBSCAN(фікс. eps),5% точок,0.01,1,1.0,0,0,0,0,ellipses_nonparallel
DBSCAN(фікс. eps),5% точок,0.01,2,1.0,0,0,0,0,ellipses_nonparallel
DBSCAN(фікс. eps),5% точок,0.01,3,1.0,0,0,0,0,ellipses_nonparallel
DBSCAN(фікс. eps),5% точок,0.01,4,1.0,0,0,0,0,ellipses_nonparallel
DBSCAN(фікс. eps),5% точок,0.05,0,1.0,0,0,0,0,ellipses_nonparallel
DBSCAN(фікс. eps),5% точок,0.05,1,0.9977691317296722,1,1,0,0,ellipses_nonparallel
DBSCAN(фікс. eps),5% точок,0.05,2,0.9977691317296722,1,0,1,0,ellipses_nonparallel
DBSCAN(фікс. eps),5% точок,0.05,3,1.0,0,0,0,0,ellipses_nonparallel
DBSCAN(фікс. eps),5% точок,0.05,4,1.0,0,0,0,0,ellipses_nonparallel
DBSCAN(фікс. eps),5% точок,0.1,0,1.0,0,0,0,0,ellipses_nonparallel
DBSCAN(фікс. eps),5% точок,0.1,1,1.0,0,0,0,0,ellipses_nonparallel
DBSCAN(фікс. eps),5% точок,0.1,2,1.0,0,0,0,0,ellipses_nonparallel
DBSCAN(фікс. eps),5% точок,0.1,3,1.0,0,0,0,0,ellipses_nonparallel
DBSCAN(фікс. eps),5% точок,0.1,4,1.0,0,0,0,0,ellipses_nonparallel
DBSCAN(фікс. eps),5% точок,0.25,0,0.9640792364383555,18,0,18,1,ellipses_nonparallel
DBSCAN(фікс. eps),5% точок,0.25,1,0.9977691317296722,1,1,0,0,ellipses_nonparallel
DBSCAN(фікс. eps),5% точок,0.25,2,0.9870223865316814,6,2,4,0,ellipses_nonparallel
DBSCAN(фікс. eps),5% точок,0.25,3,0.9911116162783908,4,2,2,0,ellipses_nonparallel
DBSCAN(фікс. eps),5% точок,0.25,4,0.9977691317296722,1,0,1,0,ellipses_nonparallel
DBSCAN(фікс. eps),5% точок,0.5,0,0.9476717965400063,25,8,17,1,ellipses_nonparallel
DBSCAN(фікс. eps),5% точок,0.5,1,0.9887158145580994,5,4,1,0,ellipses_nonparallel
DBSCAN(фікс. eps),5% точок,0.5,2,0.9682694182321516,14,6,8,1,ellipses_nonparallel
DBSCAN(фікс. eps),5% точок,0.5,3,0.9864352517601427,6,5,1,0,ellipses_nonparallel
DBSCAN(фікс. eps),5% точок,0.5,4,0.9769462634103471,10,10,0,0,ellipses_nonparallel
DBSCAN(фікс. eps),5% точок,1.0,0,0.9481605435113758,22,22,0,0,ellipses_nonparallel
DBSCAN(фікс. eps),5% точок,1.0,1,0.9607091058073729,17,17,0,0,ellipses_nonparallel
DBSCAN(фікс. eps),5% точок,1.0,2,0.9161171904148603,38,21,17,1,ellipses_nonparallel
DBSCAN(фікс. eps),5% точок,1.0,3,0.9311159764014452,31,17,14,1,ellipses_nonparallel
DBSCAN(фікс. eps),5% точок,1.0,4,0.9536693798018486,20,18,2,0,ellipses_nonparallel
DBSCAN(фікс. eps),5% точок,2.0,0,0.9314026018312056,29,29,0,0,ellipses_nonparallel
DBSCAN(фікс. eps),5% точок,2.0,1,0.8965301015449468,47,29,18,1,ellipses_nonparallel
DBSCAN(фікс. eps),5% точок,2.0,2,0.9367310758143473,27,26,1,0,ellipses_nonparallel
DBSCAN(фікс. eps),5% точок,2.0,3,0.9458174577091628,23,22,1,0,ellipses_nonparallel
DBSCAN(фікс. eps),5% точок,2.0,4,0.9383627787922083,26,26,0,0,ellipses_nonparallel
DBSCAN(фікс. eps),10% точок,0.01,0,0.9977691317296722,1,0,1,0,ellipses_nonparallel
DBSCAN(фікс. eps),10% точок,0.01,1,1.0,0,0,0,0,ellipses_nonparallel
DBSCAN(фікс. eps),10% точок,0.01,2,1.0,0,0,0,0,ellipses_nonparallel
DBSCAN(фікс. eps),10% точок,0.01,3,1.0,0,0,0,0,ellipses_nonparallel
DBSCAN(фікс. eps),10% точок,0.01,4,0.9977691317296722,1,0,1,0,ellipses_nonparallel
DBSCAN(фікс. eps),10% точок,0.05,0,0.9643726675644633,18,0,18,1,ellipses_nonparallel
DBSCAN(фікс. eps),10% точок,0.05,1,1.0,0,0,0,0,ellipses_nonparallel
DBSCAN(фікс. eps),10% точок,0.05,2,1.0,0,0,0,0,ellipses_nonparallel
DBSCAN(фікс. eps),10% точок,0.05,3,1.0,0,0,0,0,ellipses_nonparallel
DBSCAN(фікс. eps),10% точок,0.05,4,1.0,0,0,0,0,ellipses_nonparallel
DBSCAN(фікс. eps),10% точок,0.1,0,0.997774053968963,1,0,1,0,ellipses_nonparallel
DBSCAN(фікс. eps),10% точок,0.1,1,1.0,0,0,0,0,ellipses_nonparallel
DBSCAN(фікс. eps),10% точок,0.1,2,0.9932025303079056,3,2,1,0,ellipses_nonparallel
DBSCAN(фікс. eps),10% точок,0.1,3,0.9932926648328634,3,1,2,0,ellipses_nonparallel
DBSCAN(фікс. eps),10% точок,0.1,4,0.9955730691158851,2,1,1,0,ellipses_nonparallel
DBSCAN(фікс. eps),10% точок,0.25,0,0.9977391529465556,1,1,0,0,ellipses_nonparallel
DBSCAN(фікс. eps),10% точок,0.25,1,1.0,0,0,0,0,ellipses_nonparallel
DBSCAN(фікс. eps),10% точок,0.25,2,0.988760916557663,5,4,1,0,ellipses_nonparallel
DBSCAN(фікс. eps),10% точок,0.25,3,0.9932627566509306,3,2,1,0,ellipses_nonparallel
DBSCAN(фікс. eps),10% точок,0.25,4,0.981912919009032,8,5,3,0,ellipses_nonparallel
DBSCAN(фікс. eps),10% точок,0.5,0,0.9338943420207225,30,17,13,1,ellipses_nonparallel
DBSCAN(фікс. eps),10% точок,0.5,1,0.9703247571066181,13,13,0,0,ellipses_nonparallel
DBSCAN(фікс. eps),10% точок,0.5,2,0.9197287832678265,39,10,29,1,ellipses_nonparallel
DBSCAN(фікс. eps),10% точок,0.5,3,0.9840561033235069,7,7,0,0,ellipses_nonparallel
DBSCAN(фікс. eps),10% точок,0.5,4,0.9165800357707486,42,20,22,1,ellipses_nonparallel
DBSCAN(фікс. eps),10% точок,1.0,0,0.9017752562189619,43,31,12,1,ellipses_nonparallel
DBSCAN(фікс. eps),10% точок,1.0,1,0.9029471438327606,40,38,2,0,ellipses_nonparallel
DBSCAN(фікс. eps),10% точок,1.0,2,0.8809980466629096,53,35,18,1,ellipses_nonparallel
DBSCAN(фікс. eps),10% точок,1.0,3,0.8993396260429661,44,34,10,1,ellipses_nonparallel
DBSCAN(фікс. eps),10% точок,1.0,4,0.9035744412996395,40,35,5,0,ellipses_nonparallel
DBSCAN(фікс. eps),10% точок,2.0,0,0.7542393093716908,120,54,66,1,ellipses_nonparallel
DBSCAN(фікс. eps),10% точок,2.0,1,0.8427734475167955,68,49,19,1,ellipses_nonparallel
DBSCAN(фікс. eps),10% точок,2.0,2,0.8273101741737863,72,52,20,1,ellipses_nonparallel
DBSCAN(фікс. eps),10% точок,2.0,3,0.8348171966981178,70,53,17,1,ellipses_nonparallel
DBSCAN(фікс. eps),10% точок,2.0,4,0.8384537002821925,67,52,15,1,ellipses_nonparallel
KMeans,внутрішня точка,0.01,0,1.0,0,0,0,0,letters_gst
KMeans,внутрішня точка,0.01,1,1.0,0,0,0,0,letters_gst
KMeans,внутрішня точка,0.01,2,1.0,0,0,0,0,letters_gst
KMeans,внутрішня точка,0.01,3,1.0,0,0,0,0,letters_gst
KMeans,внутрішня точка,0.01,4,1.0,0,0,0,0,letters_gst
KMeans,внутрішня точка,0.05,0,1.0,0,0,0,0,letters_gst
KMeans,внутрішня точка,0.05,1,1.0,0,0,0,0,letters_gst
KMeans,внутрішня точка,0.05,2,1.0,0,0,0,0,letters_gst
KMeans,внутрішня точка,0.05,3,1.0,0,0,0,0,letters_gst
KMeans,внутрішня точка,0.05,4,1.0,0,0,0,0,letters_gst
KMeans,внутрішня точка,0.1,0,1.0,0,0,0,0,letters_gst
KMeans,внутрішня точка,0.1,1,1.0,0,0,0,0,letters_gst
KMeans,внутрішня точка,0.1,2,1.0,0,0,0,0,letters_gst
KMeans,внутрішня точка,0.1,3,1.0,0,0,0,0,letters_gst
KMeans,внутрішня точка,0.1,4,1.0,0,0,0,0,letters_gst
KMeans,внутрішня точка,0.25,0,1.0,0,0,0,0,letters_gst
KMeans,внутрішня точка,0.25,1,1.0,0,0,0,0,letters_gst
KMeans,внутрішня точка,0.25,2,1.0,0,0,0,0,letters_gst
KMeans,внутрішня точка,0.25,3,1.0,0,0,0,0,letters_gst
KMeans,внутрішня точка,0.25,4,1.0,0,0,0,0,letters_gst
KMeans,внутрішня точка,0.5,0,1.0,0,0,0,0,letters_gst
KMeans,внутрішня точка,0.5,1,1.0,0,0,0,0,letters_gst
KMeans,внутрішня точка,0.5,2,1.0,0,0,0,0,letters_gst
KMeans,внутрішня точка,0.5,3,1.0,0,0,0,0,letters_gst
KMeans,внутрішня точка,0.5,4,1.0,0,0,0,0,letters_gst
KMeans,внутрішня точка,1.0,0,1.0,0,0,0,0,letters_gst
KMeans,внутрішня точка,1.0,1,1.0,0,0,0,0,letters_gst
KMeans,внутрішня точка,1.0,2,1.0,0,0,0,0,letters_gst
KMeans,внутрішня точка,1.0,3,1.0,0,0,0,0,letters_gst
KMeans,внутрішня точка,1.0,4,1.0,0,0,0,0,letters_gst
KMeans,внутрішня точка,2.0,0,0.9949958125176231,1,1,0,0,letters_gst
KMeans,внутрішня точка,2.0,1,0.9949958125176231,1,1,0,0,letters_gst
KMeans,внутрішня точка,2.0,2,1.0,0,0,0,0,letters_gst
KMeans,внутрішня точка,2.0,3,0.9949958125176231,1,1,0,0,letters_gst
KMeans,внутрішня точка,2.0,4,1.0,0,0,0,0,letters_gst
KMeans,межова точка,0.01,0,1.0,0,0,0,0,letters_gst
KMeans,межова точка,0.01,1,1.0,0,0,0,0,letters_gst
KMeans,межова точка,0.01,2,1.0,0,0,0,0,letters_gst
KMeans,межова точка,0.01,3,1.0,0,0,0,0,letters_gst
KMeans,межова точка,0.01,4,1.0,0,0,0,0,letters_gst
KMeans,межова точка,0.05,0,1.0,0,0,0,0,letters_gst
KMeans,межова точка,0.05,1,1.0,0,0,0,0,letters_gst
KMeans,межова точка,0.05,2,1.0,0,0,0,0,letters_gst
KMeans,межова точка,0.05,3,1.0,0,0,0,0,letters_gst
KMeans,межова точка,0.05,4,1.0,0,0,0,0,letters_gst
KMeans,межова точка,0.1,0,1.0,0,0,0,0,letters_gst
KMeans,межова точка,0.1,1,1.0,0,0,0,0,letters_gst
KMeans,межова точка,0.1,2,1.0,0,0,0,0,letters_gst
KMeans,межова точка,0.1,3,1.0,0,0,0,0,letters_gst
KMeans,межова точка,0.1,4,1.0,0,0,0,0,letters_gst
KMeans,межова точка,0.25,0,1.0,0,0,0,0,letters_gst
KMeans,межова точка,0.25,1,1.0,0,0,0,0,letters_gst
KMeans,межова точка,0.25,2,1.0,0,0,0,0,letters_gst
KMeans,межова точка,0.25,3,1.0,0,0,0,0,letters_gst
KMeans,межова точка,0.25,4,1.0,0,0,0,0,letters_gst
KMeans,межова точка,0.5,0,1.0,0,0,0,0,letters_gst
KMeans,межова точка,0.5,1,0.9949958125176231,1,1,0,0,letters_gst
KMeans,межова точка,0.5,2,1.0,0,0,0,0,letters_gst
KMeans,межова точка,0.5,3,1.0,0,0,0,0,letters_gst
KMeans,межова точка,0.5,4,1.0,0,0,0,0,letters_gst
KMeans,межова точка,1.0,0,1.0,0,0,0,0,letters_gst
KMeans,межова точка,1.0,1,0.9949958125176231,1,1,0,0,letters_gst
KMeans,межова точка,1.0,2,0.9949958125176231,1,1,0,0,letters_gst
KMeans,межова точка,1.0,3,1.0,0,0,0,0,letters_gst
KMeans,межова точка,1.0,4,1.0,0,0,0,0,letters_gst
KMeans,межова точка,2.0,0,0.9949958125176231,1,1,0,0,letters_gst
KMeans,межова точка,2.0,1,0.9949958125176231,1,1,0,0,letters_gst
KMeans,межова точка,2.0,2,1.0,0,0,0,0,letters_gst
KMeans,межова точка,2.0,3,0.9949958125176231,1,1,0,0,letters_gst
KMeans,межова точка,2.0,4,1.0,0,0,0,0,letters_gst
KMeans,1% точок,0.01,0,1.0,0,0,0,0,letters_gst
KMeans,1% точок,0.01,1,1.0,0,0,0,0,letters_gst
KMeans,1% точок,0.01,2,1.0,0,0,0,0,letters_gst
KMeans,1% точок,0.01,3,1.0,0,0,0,0,letters_gst
KMeans,1% точок,0.01,4,1.0,0,0,0,0,letters_gst
KMeans,1% точок,0.05,0,1.0,0,0,0,0,letters_gst
KMeans,1% точок,0.05,1,1.0,0,0,0,0,letters_gst
KMeans,1% точок,0.05,2,1.0,0,0,0,0,letters_gst
KMeans,1% точок,0.05,3,1.0,0,0,0,0,letters_gst
KMeans,1% точок,0.05,4,1.0,0,0,0,0,letters_gst
KMeans,1% точок,0.1,0,1.0,0,0,0,0,letters_gst
KMeans,1% точок,0.1,1,1.0,0,0,0,0,letters_gst
KMeans,1% точок,0.1,2,1.0,0,0,0,0,letters_gst
KMeans,1% точок,0.1,3,1.0,0,0,0,0,letters_gst
KMeans,1% точок,0.1,4,1.0,0,0,0,0,letters_gst
KMeans,1% точок,0.25,0,1.0,0,0,0,0,letters_gst
KMeans,1% точок,0.25,1,1.0,0,0,0,0,letters_gst
KMeans,1% точок,0.25,2,1.0,0,0,0,0,letters_gst
KMeans,1% точок,0.25,3,1.0,0,0,0,0,letters_gst
KMeans,1% точок,0.25,4,1.0,0,0,0,0,letters_gst
KMeans,1% точок,0.5,0,1.0,0,0,0,0,letters_gst
KMeans,1% точок,0.5,1,1.0,0,0,0,0,letters_gst
KMeans,1% точок,0.5,2,1.0,0,0,0,0,letters_gst
KMeans,1% точок,0.5,3,1.0,0,0,0,0,letters_gst
KMeans,1% точок,0.5,4,1.0,0,0,0,0,letters_gst
KMeans,1% точок,1.0,0,1.0,0,0,0,0,letters_gst
KMeans,1% точок,1.0,1,1.0,0,0,0,0,letters_gst
KMeans,1% точок,1.0,2,1.0,0,0,0,0,letters_gst
KMeans,1% точок,1.0,3,1.0,0,0,0,0,letters_gst
KMeans,1% точок,1.0,4,0.9949958125176231,1,1,0,0,letters_gst
KMeans,1% точок,2.0,0,0.9949958125176231,1,1,0,0,letters_gst
KMeans,1% точок,2.0,1,0.9850125211993978,3,3,0,0,letters_gst
KMeans,1% точок,2.0,2,0.9900168347249766,2,2,0,0,letters_gst
KMeans,1% точок,2.0,3,0.9949958125176231,1,1,0,0,letters_gst
KMeans,1% точок,2.0,4,0.9949958125176231,1,1,0,0,letters_gst
KMeans,5% точок,0.01,0,1.0,0,0,0,0,letters_gst
KMeans,5% точок,0.01,1,1.0,0,0,0,0,letters_gst
KMeans,5% точок,0.01,2,1.0,0,0,0,0,letters_gst
KMeans,5% точок,0.01,3,1.0,0,0,0,0,letters_gst
KMeans,5% точок,0.01,4,1.0,0,0,0,0,letters_gst
KMeans,5% точок,0.05,0,1.0,0,0,0,0,letters_gst
KMeans,5% точок,0.05,1,1.0,0,0,0,0,letters_gst
KMeans,5% точок,0.05,2,1.0,0,0,0,0,letters_gst
KMeans,5% точок,0.05,3,1.0,0,0,0,0,letters_gst
KMeans,5% точок,0.05,4,1.0,0,0,0,0,letters_gst
KMeans,5% точок,0.1,0,1.0,0,0,0,0,letters_gst
KMeans,5% точок,0.1,1,1.0,0,0,0,0,letters_gst
KMeans,5% точок,0.1,2,1.0,0,0,0,0,letters_gst
KMeans,5% точок,0.1,3,1.0,0,0,0,0,letters_gst
KMeans,5% точок,0.1,4,1.0,0,0,0,0,letters_gst
KMeans,5% точок,0.25,0,1.0,0,0,0,0,letters_gst
KMeans,5% точок,0.25,1,1.0,0,0,0,0,letters_gst
KMeans,5% точок,0.25,2,1.0,0,0,0,0,letters_gst
KMeans,5% точок,0.25,3,1.0,0,0,0,0,letters_gst
KMeans,5% точок,0.25,4,1.0,0,0,0,0,letters_gst
KMeans,5% точок,0.5,0,0.9949958125176231,1,1,0,0,letters_gst
KMeans,5% точок,0.5,1,0.9949958125176231,1,1,0,0,letters_gst
KMeans,5% точок,0.5,2,1.0,0,0,0,0,letters_gst
KMeans,5% точок,0.5,3,1.0,0,0,0,0,letters_gst
KMeans,5% точок,0.5,4,1.0,0,0,0,0,letters_gst
KMeans,5% точок,1.0,0,0.9949958125176231,1,1,0,0,letters_gst
KMeans,5% точок,1.0,1,0.9800845066199756,4,4,0,0,letters_gst
KMeans,5% точок,1.0,2,0.9949958125176231,1,1,0,0,letters_gst
KMeans,5% точок,1.0,3,0.9800971316204999,4,4,0,0,letters_gst
KMeans,5% точок,1.0,4,0.9900168347249766,2,2,0,0,letters_gst
KMeans,5% точок,2.0,0,0.9459321999084551,11,11,0,0,letters_gst
KMeans,5% точок,2.0,1,0.9311053710539166,14,14,0,0,letters_gst
KMeans,5% точок,2.0,2,0.931234919440292,14,14,0,0,letters_gst
KMeans,5% точок,2.0,3,0.9362798230183395,13,13,0,0,letters_gst
KMeans,5% точок,2.0,4,0.9411737342224049,12,12,0,0,letters_gst
KMeans,10% точок,0.01,0,1.0,0,0,0,0,letters_gst
KMeans,10% точок,0.01,1,1.0,0,0,0,0,letters_gst
KMeans,10% точок,0.01,2,1.0,0,0,0,0,letters_gst
KMeans,10% точок,0.01,3,1.0,0,0,0,0,letters_gst
KMeans,10% точок,0.01,4,1.0,0,0,0,0,letters_gst
KMeans,10% точок,0.05,0,1.0,0,0,0,0,letters_gst
KMeans,10% точок,0.05,1,1.0,0,0,0,0,letters_gst
KMeans,10% точок,0.05,2,1.0,0,0,0,0,letters_gst
KMeans,10% точок,0.05,3,1.0,0,0,0,0,letters_gst
KMeans,10% точок,0.05,4,1.0,0,0,0,0,letters_gst
KMeans,10% точок,0.1,0,1.0,0,0,0,0,letters_gst
KMeans,10% точок,0.1,1,1.0,0,0,0,0,letters_gst
KMeans,10% точок,0.1,2,1.0,0,0,0,0,letters_gst
KMeans,10% точок,0.1,3,1.0,0,0,0,0,letters_gst
KMeans,10% точок,0.1,4,1.0,0,0,0,0,letters_gst
KMeans,10% точок,0.25,0,1.0,0,0,0,0,letters_gst
KMeans,10% точок,0.25,1,1.0,0,0,0,0,letters_gst
KMeans,10% точок,0.25,2,1.0,0,0,0,0,letters_gst
KMeans,10% точок,0.25,3,1.0,0,0,0,0,letters_gst
KMeans,10% точок,0.25,4,1.0,0,0,0,0,letters_gst
KMeans,10% точок,0.5,0,0.9900041668585104,2,2,0,0,letters_gst
KMeans,10% точок,0.5,1,0.9949958125176231,1,1,0,0,letters_gst
KMeans,10% точок,0.5,2,0.9900041668585104,2,2,0,0,letters_gst
KMeans,10% точок,0.5,3,1.0,0,0,0,0,letters_gst
KMeans,10% точок,0.5,4,1.0,0,0,0,0,letters_gst
KMeans,10% точок,1.0,0,0.9702521723567897,6,6,0,0,letters_gst
KMeans,10% точок,1.0,1,0.9751565300923697,5,5,0,0,letters_gst
KMeans,10% точок,1.0,2,0.9800962940103582,4,4,0,0,letters_gst
KMeans,10% точок,1.0,3,0.9751565300923697,5,5,0,0,letters_gst
KMeans,10% точок,1.0,4,0.9850125211993978,3,3,0,0,letters_gst
KMeans,10% точок,2.0,0,0.8894606129800666,23,23,0,0,letters_gst
KMeans,10% точок,2.0,1,0.8655675910050137,28,28,0,0,letters_gst
KMeans,10% точок,2.0,2,0.8841400994840874,24,24,0,0,letters_gst
KMeans,10% точок,2.0,3,0.8790534568666588,25,25,0,0,letters_gst
KMeans,10% точок,2.0,4,0.8521193618929702,31,31,0,0,letters_gst
GaussianMixture,внутрішня точка,0.01,0,1.0,0,0,0,0,letters_gst
GaussianMixture,внутрішня точка,0.01,1,1.0,0,0,0,0,letters_gst
GaussianMixture,внутрішня точка,0.01,2,1.0,0,0,0,0,letters_gst
GaussianMixture,внутрішня точка,0.01,3,1.0,0,0,0,0,letters_gst
GaussianMixture,внутрішня точка,0.01,4,1.0,0,0,0,0,letters_gst
GaussianMixture,внутрішня точка,0.05,0,1.0,0,0,0,0,letters_gst
GaussianMixture,внутрішня точка,0.05,1,1.0,0,0,0,0,letters_gst
GaussianMixture,внутрішня точка,0.05,2,1.0,0,0,0,0,letters_gst
GaussianMixture,внутрішня точка,0.05,3,1.0,0,0,0,0,letters_gst
GaussianMixture,внутрішня точка,0.05,4,1.0,0,0,0,0,letters_gst
GaussianMixture,внутрішня точка,0.1,0,1.0,0,0,0,0,letters_gst
GaussianMixture,внутрішня точка,0.1,1,1.0,0,0,0,0,letters_gst
GaussianMixture,внутрішня точка,0.1,2,1.0,0,0,0,0,letters_gst
GaussianMixture,внутрішня точка,0.1,3,1.0,0,0,0,0,letters_gst
GaussianMixture,внутрішня точка,0.1,4,1.0,0,0,0,0,letters_gst
GaussianMixture,внутрішня точка,0.25,0,1.0,0,0,0,0,letters_gst
GaussianMixture,внутрішня точка,0.25,1,1.0,0,0,0,0,letters_gst
GaussianMixture,внутрішня точка,0.25,2,1.0,0,0,0,0,letters_gst
GaussianMixture,внутрішня точка,0.25,3,1.0,0,0,0,0,letters_gst
GaussianMixture,внутрішня точка,0.25,4,1.0,0,0,0,0,letters_gst
GaussianMixture,внутрішня точка,0.5,0,1.0,0,0,0,0,letters_gst
GaussianMixture,внутрішня точка,0.5,1,1.0,0,0,0,0,letters_gst
GaussianMixture,внутрішня точка,0.5,2,1.0,0,0,0,0,letters_gst
GaussianMixture,внутрішня точка,0.5,3,1.0,0,0,0,0,letters_gst
GaussianMixture,внутрішня точка,0.5,4,1.0,0,0,0,0,letters_gst
GaussianMixture,внутрішня точка,1.0,0,1.0,0,0,0,0,letters_gst
GaussianMixture,внутрішня точка,1.0,1,1.0,0,0,0,0,letters_gst
GaussianMixture,внутрішня точка,1.0,2,1.0,0,0,0,0,letters_gst
GaussianMixture,внутрішня точка,1.0,3,1.0,0,0,0,0,letters_gst
GaussianMixture,внутрішня точка,1.0,4,1.0,0,0,0,0,letters_gst
GaussianMixture,внутрішня точка,2.0,0,0.9949958125176231,1,1,0,0,letters_gst
GaussianMixture,внутрішня точка,2.0,1,0.9949958125176231,1,1,0,0,letters_gst
GaussianMixture,внутрішня точка,2.0,2,1.0,0,0,0,0,letters_gst
GaussianMixture,внутрішня точка,2.0,3,0.9949958125176231,1,1,0,0,letters_gst
GaussianMixture,внутрішня точка,2.0,4,1.0,0,0,0,0,letters_gst
GaussianMixture,межова точка,0.01,0,1.0,0,0,0,0,letters_gst
GaussianMixture,межова точка,0.01,1,1.0,0,0,0,0,letters_gst
GaussianMixture,межова точка,0.01,2,1.0,0,0,0,0,letters_gst
GaussianMixture,межова точка,0.01,3,1.0,0,0,0,0,letters_gst
GaussianMixture,межова точка,0.01,4,1.0,0,0,0,0,letters_gst
GaussianMixture,межова точка,0.05,0,1.0,0,0,0,0,letters_gst
GaussianMixture,межова точка,0.05,1,1.0,0,0,0,0,letters_gst
GaussianMixture,межова точка,0.05,2,1.0,0,0,0,0,letters_gst
GaussianMixture,межова точка,0.05,3,1.0,0,0,0,0,letters_gst
GaussianMixture,межова точка,0.05,4,1.0,0,0,0,0,letters_gst
GaussianMixture,межова точка,0.1,0,1.0,0,0,0,0,letters_gst
GaussianMixture,межова точка,0.1,1,1.0,0,0,0,0,letters_gst
GaussianMixture,межова точка,0.1,2,1.0,0,0,0,0,letters_gst
GaussianMixture,межова точка,0.1,3,1.0,0,0,0,0,letters_gst
GaussianMixture,межова точка,0.1,4,1.0,0,0,0,0,letters_gst
GaussianMixture,межова точка,0.25,0,0.9949958125176231,1,1,0,0,letters_gst
GaussianMixture,межова точка,0.25,1,1.0,0,0,0,0,letters_gst
GaussianMixture,межова точка,0.25,2,1.0,0,0,0,0,letters_gst
GaussianMixture,межова точка,0.25,3,1.0,0,0,0,0,letters_gst
GaussianMixture,межова точка,0.25,4,1.0,0,0,0,0,letters_gst
GaussianMixture,межова точка,0.5,0,1.0,0,0,0,0,letters_gst
GaussianMixture,межова точка,0.5,1,0.9949958125176231,1,1,0,0,letters_gst
GaussianMixture,межова точка,0.5,2,1.0,0,0,0,0,letters_gst
GaussianMixture,межова точка,0.5,3,1.0,0,0,0,0,letters_gst
GaussianMixture,межова точка,0.5,4,1.0,0,0,0,0,letters_gst
GaussianMixture,межова точка,1.0,0,1.0,0,0,0,0,letters_gst
GaussianMixture,межова точка,1.0,1,0.9949958125176231,1,1,0,0,letters_gst
GaussianMixture,межова точка,1.0,2,0.9949958125176231,1,1,0,0,letters_gst
GaussianMixture,межова точка,1.0,3,1.0,0,0,0,0,letters_gst
GaussianMixture,межова точка,1.0,4,1.0,0,0,0,0,letters_gst
GaussianMixture,межова точка,2.0,0,0.9949958125176231,1,1,0,0,letters_gst
GaussianMixture,межова точка,2.0,1,0.9949958125176231,1,1,0,0,letters_gst
GaussianMixture,межова точка,2.0,2,1.0,0,0,0,0,letters_gst
GaussianMixture,межова точка,2.0,3,0.9949958125176231,1,1,0,0,letters_gst
GaussianMixture,межова точка,2.0,4,1.0,0,0,0,0,letters_gst
GaussianMixture,1% точок,0.01,0,1.0,0,0,0,0,letters_gst
GaussianMixture,1% точок,0.01,1,1.0,0,0,0,0,letters_gst
GaussianMixture,1% точок,0.01,2,1.0,0,0,0,0,letters_gst
GaussianMixture,1% точок,0.01,3,1.0,0,0,0,0,letters_gst
GaussianMixture,1% точок,0.01,4,1.0,0,0,0,0,letters_gst
GaussianMixture,1% точок,0.05,0,1.0,0,0,0,0,letters_gst
GaussianMixture,1% точок,0.05,1,1.0,0,0,0,0,letters_gst
GaussianMixture,1% точок,0.05,2,1.0,0,0,0,0,letters_gst
GaussianMixture,1% точок,0.05,3,1.0,0,0,0,0,letters_gst
GaussianMixture,1% точок,0.05,4,1.0,0,0,0,0,letters_gst
GaussianMixture,1% точок,0.1,0,1.0,0,0,0,0,letters_gst
GaussianMixture,1% точок,0.1,1,1.0,0,0,0,0,letters_gst
GaussianMixture,1% точок,0.1,2,1.0,0,0,0,0,letters_gst
GaussianMixture,1% точок,0.1,3,1.0,0,0,0,0,letters_gst
GaussianMixture,1% точок,0.1,4,1.0,0,0,0,0,letters_gst
GaussianMixture,1% точок,0.25,0,1.0,0,0,0,0,letters_gst
GaussianMixture,1% точок,0.25,1,1.0,0,0,0,0,letters_gst
GaussianMixture,1% точок,0.25,2,1.0,0,0,0,0,letters_gst
GaussianMixture,1% точок,0.25,3,1.0,0,0,0,0,letters_gst
GaussianMixture,1% точок,0.25,4,1.0,0,0,0,0,letters_gst
GaussianMixture,1% точок,0.5,0,1.0,0,0,0,0,letters_gst
GaussianMixture,1% точок,0.5,1,1.0,0,0,0,0,letters_gst
GaussianMixture,1% точок,0.5,2,1.0,0,0,0,0,letters_gst
GaussianMixture,1% точок,0.5,3,1.0,0,0,0,0,letters_gst
GaussianMixture,1% точок,0.5,4,1.0,0,0,0,0,letters_gst
GaussianMixture,1% точок,1.0,0,1.0,0,0,0,0,letters_gst
GaussianMixture,1% точок,1.0,1,1.0,0,0,0,0,letters_gst
GaussianMixture,1% точок,1.0,2,1.0,0,0,0,0,letters_gst
GaussianMixture,1% точок,1.0,3,1.0,0,0,0,0,letters_gst
GaussianMixture,1% точок,1.0,4,0.9900166666666667,2,2,0,0,letters_gst
GaussianMixture,1% точок,2.0,0,0.9949958125176231,1,1,0,0,letters_gst
GaussianMixture,1% точок,2.0,1,0.9850125211993978,3,3,0,0,letters_gst
GaussianMixture,1% точок,2.0,2,0.9900168347249766,2,2,0,0,letters_gst
GaussianMixture,1% точок,2.0,3,0.9949958125176231,1,1,0,0,letters_gst
GaussianMixture,1% точок,2.0,4,0.9949958125176231,1,1,0,0,letters_gst
GaussianMixture,5% точок,0.01,0,1.0,0,0,0,0,letters_gst
GaussianMixture,5% точок,0.01,1,1.0,0,0,0,0,letters_gst
GaussianMixture,5% точок,0.01,2,1.0,0,0,0,0,letters_gst
GaussianMixture,5% точок,0.01,3,1.0,0,0,0,0,letters_gst
GaussianMixture,5% точок,0.01,4,1.0,0,0,0,0,letters_gst
GaussianMixture,5% точок,0.05,0,1.0,0,0,0,0,letters_gst
GaussianMixture,5% точок,0.05,1,1.0,0,0,0,0,letters_gst
GaussianMixture,5% точок,0.05,2,1.0,0,0,0,0,letters_gst
GaussianMixture,5% точок,0.05,3,1.0,0,0,0,0,letters_gst
GaussianMixture,5% точок,0.05,4,1.0,0,0,0,0,letters_gst
GaussianMixture,5% точок,0.1,0,1.0,0,0,0,0,letters_gst
GaussianMixture,5% точок,0.1,1,1.0,0,0,0,0,letters_gst
GaussianMixture,5% точок,0.1,2,1.0,0,0,0,0,letters_gst
GaussianMixture,5% точок,0.1,3,1.0,0,0,0,0,letters_gst
GaussianMixture,5% точок,0.1,4,1.0,0,0,0,0,letters_gst
GaussianMixture,5% точок,0.25,0,1.0,0,0,0,0,letters_gst
GaussianMixture,5% точок,0.25,1,1.0,0,0,0,0,letters_gst
GaussianMixture,5% точок,0.25,2,1.0,0,0,0,0,letters_gst
GaussianMixture,5% точок,0.25,3,1.0,0,0,0,0,letters_gst
GaussianMixture,5% точок,0.25,4,1.0,0,0,0,0,letters_gst
GaussianMixture,5% точок,0.5,0,0.9949958125176231,1,1,0,0,letters_gst
GaussianMixture,5% точок,0.5,1,0.9949958125176231,1,1,0,0,letters_gst
GaussianMixture,5% точок,0.5,2,1.0,0,0,0,0,letters_gst
GaussianMixture,5% точок,0.5,3,1.0,0,0,0,0,letters_gst
GaussianMixture,5% точок,0.5,4,0.9949958125176231,1,1,0,0,letters_gst
GaussianMixture,5% точок,1.0,0,1.0,0,0,0,0,letters_gst
GaussianMixture,5% точок,1.0,1,0.9900042509932298,2,2,0,0,letters_gst
GaussianMixture,5% точок,1.0,2,0.9900168347249766,2,2,0,0,letters_gst
GaussianMixture,5% точок,1.0,3,1.0,0,0,0,0,letters_gst
GaussianMixture,5% точок,1.0,4,0.9949958125176231,1,1,0,0,letters_gst
GaussianMixture,5% точок,2.0,0,0.9455856089435647,11,11,0,0,letters_gst
GaussianMixture,5% точок,2.0,1,0.9262889564937472,15,15,0,0,letters_gst
GaussianMixture,5% точок,2.0,2,0.931234919440292,14,14,0,0,letters_gst
GaussianMixture,5% точок,2.0,3,0.9314746499820822,14,14,0,0,letters_gst
GaussianMixture,5% точок,2.0,4,0.9411737342224049,12,12,0,0,letters_gst
GaussianMixture,10% точок,0.01,0,1.0,0,0,0,0,letters_gst
GaussianMixture,10% точок,0.01,1,1.0,0,0,0,0,letters_gst
GaussianMixture,10% точок,0.01,2,1.0,0,0,0,0,letters_gst
GaussianMixture,10% точок,0.01,3,1.0,0,0,0,0,letters_gst
GaussianMixture,10% точок,0.01,4,1.0,0,0,0,0,letters_gst
GaussianMixture,10% точок,0.05,0,1.0,0,0,0,0,letters_gst
GaussianMixture,10% точок,0.05,1,1.0,0,0,0,0,letters_gst
GaussianMixture,10% точок,0.05,2,1.0,0,0,0,0,letters_gst
GaussianMixture,10% точок,0.05,3,1.0,0,0,0,0,letters_gst
GaussianMixture,10% точок,0.05,4,1.0,0,0,0,0,letters_gst
GaussianMixture,10% точок,0.1,0,1.0,0,0,0,0,letters_gst
GaussianMixture,10% точок,0.1,1,1.0,0,0,0,0,letters_gst
GaussianMixture,10% точок,0.1,2,1.0,0,0,0,0,letters_gst
GaussianMixture,10% точок,0.1,3,1.0,0,0,0,0,letters_gst
GaussianMixture,10% точок,0.1,4,1.0,0,0,0,0,letters_gst
GaussianMixture,10% точок,0.25,0,1.0,0,0,0,0,letters_gst
GaussianMixture,10% точок,0.25,1,1.0,0,0,0,0,letters_gst
GaussianMixture,10% точок,0.25,2,1.0,0,0,0,0,letters_gst
GaussianMixture,10% точок,0.25,3,1.0,0,0,0,0,letters_gst
GaussianMixture,10% точок,0.25,4,0.9949958125176231,1,1,0,0,letters_gst
GaussianMixture,10% точок,0.5,0,0.9949958125176231,1,1,0,0,letters_gst
GaussianMixture,10% точок,0.5,1,1.0,0,0,0,0,letters_gst
GaussianMixture,10% точок,0.5,2,0.9900168347249766,2,2,0,0,letters_gst
GaussianMixture,10% точок,0.5,3,0.9949958125176231,1,1,0,0,letters_gst
GaussianMixture,10% точок,0.5,4,0.9949958125176231,1,1,0,0,letters_gst
GaussianMixture,10% точок,1.0,0,0.9900166666666667,2,2,0,0,letters_gst
GaussianMixture,10% точок,1.0,1,0.9801336683417086,4,4,0,0,letters_gst
GaussianMixture,10% точок,1.0,2,0.9801340027693001,4,4,0,0,letters_gst
GaussianMixture,10% точок,1.0,3,0.9751295644672853,5,5,0,0,letters_gst
GaussianMixture,10% точок,1.0,4,0.9700892620761766,6,6,0,0,letters_gst
GaussianMixture,10% точок,2.0,0,0.8848638659190751,24,24,0,0,letters_gst
GaussianMixture,10% точок,2.0,1,0.8653344029430514,28,28,0,0,letters_gst
GaussianMixture,10% точок,2.0,2,0.8933094035525377,22,22,0,0,letters_gst
GaussianMixture,10% точок,2.0,3,0.8694600408383434,27,27,0,0,letters_gst
GaussianMixture,10% точок,2.0,4,0.870035649012754,27,27,0,0,letters_gst
DBSCAN,внутрішня точка,0.01,0,1.0,0,0,0,0,letters_gst
DBSCAN,внутрішня точка,0.01,1,1.0,0,0,0,0,letters_gst
DBSCAN,внутрішня точка,0.01,2,1.0,0,0,0,0,letters_gst
DBSCAN,внутрішня точка,0.01,3,1.0,0,0,0,0,letters_gst
DBSCAN,внутрішня точка,0.01,4,1.0,0,0,0,0,letters_gst
DBSCAN,внутрішня точка,0.05,0,1.0,0,0,0,0,letters_gst
DBSCAN,внутрішня точка,0.05,1,1.0,0,0,0,0,letters_gst
DBSCAN,внутрішня точка,0.05,2,1.0,0,0,0,0,letters_gst
DBSCAN,внутрішня точка,0.05,3,1.0,0,0,0,0,letters_gst
DBSCAN,внутрішня точка,0.05,4,1.0,0,0,0,0,letters_gst
DBSCAN,внутрішня точка,0.1,0,1.0,0,0,0,0,letters_gst
DBSCAN,внутрішня точка,0.1,1,1.0,0,0,0,0,letters_gst
DBSCAN,внутрішня точка,0.1,2,0.9972341510880448,1,1,0,0,letters_gst
DBSCAN,внутрішня точка,0.1,3,0.9972341510880448,1,1,0,0,letters_gst
DBSCAN,внутрішня точка,0.1,4,1.0,0,0,0,0,letters_gst
DBSCAN,внутрішня точка,0.25,0,0.9972341510880448,1,1,0,0,letters_gst
DBSCAN,внутрішня точка,0.25,1,1.0,0,0,0,0,letters_gst
DBSCAN,внутрішня точка,0.25,2,1.0,0,0,0,0,letters_gst
DBSCAN,внутрішня точка,0.25,3,1.0,0,0,0,0,letters_gst
DBSCAN,внутрішня точка,0.25,4,0.9972341510880448,1,1,0,0,letters_gst
DBSCAN,внутрішня точка,0.5,0,1.0,0,0,0,0,letters_gst
DBSCAN,внутрішня точка,0.5,1,0.9972341510880448,1,1,0,0,letters_gst
DBSCAN,внутрішня точка,0.5,2,1.0,0,0,0,0,letters_gst
DBSCAN,внутрішня точка,0.5,3,0.9972341510880448,1,1,0,0,letters_gst
DBSCAN,внутрішня точка,0.5,4,1.0,0,0,0,0,letters_gst
DBSCAN,внутрішня точка,1.0,0,0.9972341510880448,1,1,0,0,letters_gst
DBSCAN,внутрішня точка,1.0,1,1.0,0,0,0,0,letters_gst
DBSCAN,внутрішня точка,1.0,2,0.9972341510880448,1,1,0,0,letters_gst
DBSCAN,внутрішня точка,1.0,3,0.9972341510880448,1,1,0,0,letters_gst
DBSCAN,внутрішня точка,1.0,4,0.9972341510880448,1,1,0,0,letters_gst
DBSCAN,внутрішня точка,2.0,0,0.9955227085389474,1,1,0,0,letters_gst
DBSCAN,внутрішня точка,2.0,1,0.9972341510880448,1,1,0,0,letters_gst
DBSCAN,внутрішня точка,2.0,2,0.9972341510880448,1,1,0,0,letters_gst
DBSCAN,внутрішня точка,2.0,3,0.9972341510880448,1,1,0,0,letters_gst
DBSCAN,внутрішня точка,2.0,4,0.9972341510880448,1,1,0,0,letters_gst
DBSCAN,межова точка,0.01,0,1.0,0,0,0,0,letters_gst
DBSCAN,межова точка,0.01,1,1.0,0,0,0,0,letters_gst
DBSCAN,межова точка,0.01,2,1.0,0,0,0,0,letters_gst
DBSCAN,межова точка,0.01,3,1.0,0,0,0,0,letters_gst
DBSCAN,межова точка,0.01,4,1.0,0,0,0,0,letters_gst
DBSCAN,межова точка,0.05,0,0.8790446246479472,74,0,74,1,letters_gst
DBSCAN,межова точка,0.05,1,1.0,0,0,0,0,letters_gst
DBSCAN,межова точка,0.05,2,0.8790446246479472,74,0,74,1,letters_gst
DBSCAN,межова точка,0.05,3,1.0,0,0,0,0,letters_gst
DBSCAN,межова точка,0.05,4,0.8790446246479472,74,0,74,1,letters_gst
DBSCAN,межова точка,0.1,0,1.0,0,0,0,0,letters_gst
DBSCAN,межова точка,0.1,1,1.0,0,0,0,0,letters_gst
DBSCAN,межова точка,0.1,2,0.8790446246479472,74,0,74,1,letters_gst
DBSCAN,межова точка,0.1,3,0.8762882086688472,75,1,74,1,letters_gst
DBSCAN,межова точка,0.1,4,1.0,0,0,0,0,letters_gst
DBSCAN,межова точка,0.25,0,0.8762882086688472,75,1,74,1,letters_gst
DBSCAN,межова точка,0.25,1,0.8762882086688472,75,1,74,1,letters_gst
DBSCAN,межова точка,0.25,2,0.8790446246479472,74,0,74,1,letters_gst
DBSCAN,межова точка,0.25,3,1.0,0,0,0,0,letters_gst
DBSCAN,межова точка,0.25,4,0.8762882086688472,75,1,74,1,letters_gst
DBSCAN,межова точка,0.5,0,1.0,0,0,0,0,letters_gst
DBSCAN,межова точка,0.5,1,0.8762882086688472,75,1,74,1,letters_gst
DBSCAN,межова точка,0.5,2,0.8762882086688472,75,1,74,1,letters_gst
DBSCAN,межова точка,0.5,3,0.8790446246479472,74,0,74,1,letters_gst
DBSCAN,межова точка,0.5,4,0.8762882086688472,75,1,74,1,letters_gst
DBSCAN,межова точка,1.0,0,0.8762882086688472,75,1,74,1,letters_gst
DBSCAN,межова точка,1.0,1,0.8762882086688472,75,1,74,1,letters_gst
DBSCAN,межова точка,1.0,2,0.8762882086688472,75,1,74,1,letters_gst
DBSCAN,межова точка,1.0,3,1.0,0,0,0,0,letters_gst
DBSCAN,межова точка,1.0,4,0.8762882086688472,75,1,74,1,letters_gst
DBSCAN,межова точка,2.0,0,0.9955227085389474,1,1,0,0,letters_gst
DBSCAN,межова точка,2.0,1,0.8738402744436102,75,1,74,1,letters_gst
DBSCAN,межова точка,2.0,2,0.8762882086688472,75,1,74,1,letters_gst
DBSCAN,межова точка,2.0,3,0.8762882086688472,75,1,74,1,letters_gst
DBSCAN,межова точка,2.0,4,0.8762882086688472,75,1,74,1,letters_gst
DBSCAN,1% точок,0.01,0,1.0,0,0,0,0,letters_gst
DBSCAN,1% точок,0.01,1,1.0,0,0,0,0,letters_gst
DBSCAN,1% точок,0.01,2,1.0,0,0,0,0,letters_gst
DBSCAN,1% точок,0.01,3,1.0,0,0,0,0,letters_gst
DBSCAN,1% точок,0.01,4,1.0,0,0,0,0,letters_gst
DBSCAN,1% точок,0.05,0,1.0,0,0,0,0,letters_gst
DBSCAN,1% точок,0.05,1,1.0,0,0,0,0,letters_gst
DBSCAN,1% точок,0.05,2,0.8790446246479472,74,1,73,1,letters_gst
DBSCAN,1% точок,0.05,3,0.8790446246479472,74,1,73,1,letters_gst
DBSCAN,1% точок,0.05,4,1.0,0,0,0,0,letters_gst
DBSCAN,1% точок,0.1,0,0.8790446246479472,74,1,73,1,letters_gst
DBSCAN,1% точок,0.1,1,1.0,0,0,0,0,letters_gst
DBSCAN,1% точок,0.1,2,1.0,0,0,0,0,letters_gst
DBSCAN,1% точок,0.1,3,1.0,0,0,0,0,letters_gst
DBSCAN,1% точок,0.1,4,1.0,0,0,0,0,letters_gst
DBSCAN,1% точок,0.25,0,0.8779400747904537,76,4,72,1,letters_gst
DBSCAN,1% точок,0.25,1,0.8787445438137393,75,3,72,1,letters_gst
DBSCAN,1% точок,0.25,2,0.8795747933809842,74,1,73,1,letters_gst
DBSCAN,1% точок,0.25,3,0.9307479069106358,29,1,28,0,letters_gst
DBSCAN,1% точок,0.25,4,0.8795747933809842,74,1,73,1,letters_gst
DBSCAN,1% точок,0.5,0,0.862467378441905,80,6,74,1,letters_gst
DBSCAN,1% точок,0.5,1,0.8652365161432908,79,5,74,1,letters_gst
DBSCAN,1% точок,0.5,2,0.8726750767232364,77,3,74,1,letters_gst
DBSCAN,1% точок,0.5,3,0.8679871585314635,78,5,73,1,letters_gst
DBSCAN,1% точок,0.5,4,0.8719030523039609,78,4,74,1,letters_gst
DBSCAN,1% точок,1.0,0,0.871244788848299,77,4,73,1,letters_gst
DBSCAN,1% точок,1.0,1,0.877347524991229,75,3,72,1,letters_gst
DBSCAN,1% точок,1.0,2,0.8723128160918818,78,5,73,1,letters_gst
DBSCAN,1% точок,1.0,3,0.8703651030582124,78,5,73,1,letters_gst
DBSCAN,1% точок,1.0,4,0.8723826909873171,77,6,71,1,letters_gst
DBSCAN,1% точок,2.0,0,0.8638951934116958,80,6,74,1,letters_gst
DBSCAN,1% точок,2.0,1,0.8652365161432908,79,6,73,1,letters_gst
DBSCAN,1% точок,2.0,2,0.8648114723684511,79,5,74,1,letters_gst
DBSCAN,1% точок,2.0,3,0.8621115579897757,80,6,74,1,letters_gst
DBSCAN,1% точок,2.0,4,0.8635333144345658,79,6,73,1,letters_gst
DBSCAN,5% точок,0.01,0,1.0,0,0,0,0,letters_gst
DBSCAN,5% точок,0.01,1,1.0,0,0,0,0,letters_gst
DBSCAN,5% точок,0.01,2,1.0,0,0,0,0,letters_gst
DBSCAN,5% точок,0.01,3,1.0,0,0,0,0,letters_gst
DBSCAN,5% точок,0.01,4,0.8790446246479472,74,4,70,1,letters_gst
DBSCAN,5% точок,0.05,0,1.0,0,0,0,0,letters_gst
DBSCAN,5% точок,0.05,1,0.8790446246479472,74,4,70,1,letters_gst
DBSCAN,5% точок,0.05,2,0.8790446246479472,74,6,68,1,letters_gst
DBSCAN,5% точок,0.05,3,1.0,0,0,0,0,letters_gst
DBSCAN,5% точок,0.05,4,0.8790446246479472,74,4,70,1,letters_gst
DBSCAN,5% точок,0.1,0,0.8883684891317417,61,6,55,0,letters_gst
DBSCAN,5% точок,0.1,1,0.8762882086688472,75,2,73,1,letters_gst
DBSCAN,5% точок,0.1,2,0.8801337654259036,74,4,70,1,letters_gst
DBSCAN,5% точок,0.1,3,0.8762882086688472,75,3,72,1,letters_gst
DBSCAN,5% точок,0.1,4,0.8790446246479472,74,6,68,1,letters_gst
DBSCAN,5% точок,0.25,0,0.8691567991878706,79,11,68,1,letters_gst
DBSCAN,5% точок,0.25,1,0.871117930300662,77,7,70,1,letters_gst
DBSCAN,5% точок,0.25,2,0.8650692546484708,82,14,68,1,letters_gst
DBSCAN,5% точок,0.25,3,0.8653169786213237,79,9,70,1,letters_gst
DBSCAN,5% точок,0.25,4,0.8685781960888019,79,5,74,1,letters_gst
DBSCAN,5% точок,0.5,0,0.8521985553980248,85,15,70,1,letters_gst
DBSCAN,5% точок,0.5,1,0.8564029521105201,84,13,71,1,letters_gst
DBSCAN,5% точок,0.5,2,0.8543444199833837,86,14,72,1,letters_gst
DBSCAN,5% точок,0.5,3,0.8447340695442824,88,14,74,1,letters_gst
DBSCAN,5% точок,0.5,4,0.8451927850213321,88,15,73,1,letters_gst
DBSCAN,5% точок,1.0,0,0.8508751990583652,86,15,71,1,letters_gst
DBSCAN,5% точок,1.0,1,0.8429026452268692,89,17,72,1,letters_gst
DBSCAN,5% точок,1.0,2,0.8396000941829629,90,21,69,1,letters_gst
DBSCAN,5% точок,1.0,3,0.8522883878415103,87,16,71,1,letters_gst
DBSCAN,5% точок,1.0,4,0.8601052341120101,82,9,73,1,letters_gst
DBSCAN,5% точок,2.0,0,0.4555053723122275,212,26,186,1,letters_gst
DBSCAN,5% точок,2.0,1,0.4435612552688668,214,22,192,1,letters_gst
DBSCAN,5% точок,2.0,2,0.8035886849590701,97,27,70,1,letters_gst
DBSCAN,5% точок,2.0,3,0.8049260076727898,97,25,72,1,letters_gst
DBSCAN,5% точок,2.0,4,0.8187025881180272,92,25,67,1,letters_gst
DBSCAN,10% точок,0.01,0,1.0,0,0,0,0,letters_gst
DBSCAN,10% точок,0.01,1,0.8790446246479472,74,7,67,1,letters_gst
DBSCAN,10% точок,0.01,2,0.8790446246479472,74,11,63,1,letters_gst
DBSCAN,10% точок,0.01,3,0.8790446246479472,74,9,65,1,letters_gst
DBSCAN,10% точок,0.01,4,1.0,0,0,0,0,letters_gst
DBSCAN,10% точок,0.05,0,0.8782394992104071,75,5,70,1,letters_gst
DBSCAN,10% точок,0.05,1,0.9689160229346961,12,2,10,0,letters_gst
DBSCAN,10% точок,0.05,2,0.8790446246479472,74,5,69,1,letters_gst
DBSCAN,10% точок,0.05,3,0.9982721342640739,1,1,0,0,letters_gst
DBSCAN,10% точок,0.05,4,1.0,0,0,0,0,letters_gst
DBSCAN,10% точок,0.1,0,0.9972659754596156,1,1,0,0,letters_gst
DBSCAN,10% точок,0.1,1,0.8782394992104071,75,6,69,1,letters_gst
DBSCAN,10% точок,0.1,2,0.8790446246479472,74,8,66,1,letters_gst
DBSCAN,10% точок,0.1,3,0.871117930300662,77,10,67,1,letters_gst
DBSCAN,10% точок,0.1,4,0.8790446246479472,74,12,62,1,letters_gst
DBSCAN,10% точок,0.25,0,0.8620191498197707,82,13,69,1,letters_gst
DBSCAN,10% точок,0.25,1,0.8730415923460825,77,9,68,1,letters_gst
DBSCAN,10% точок,0.25,2,0.8707594296912488,78,13,65,1,letters_gst
DBSCAN,10% точок,0.25,3,0.8707995394257478,78,11,67,1,letters_gst
DBSCAN,10% точок,0.25,4,0.861975260874315,81,11,70,1,letters_gst
DBSCAN,10% точок,0.5,0,0.863111659204536,82,11,71,1,letters_gst
DBSCAN,10% точок,0.5,1,0.8585092377643468,83,16,67,1,letters_gst
DBSCAN,10% точок,0.5,2,0.8675054539108863,79,8,71,1,letters_gst
DBSCAN,10% точок,0.5,3,0.8629199888881807,80,9,71,1,letters_gst
DBSCAN,10% точок,0.5,4,0.8727298491278951,77,12,65,1,letters_gst
DBSCAN,10% точок,1.0,0,0.4751910803013901,204,23,181,1,letters_gst
DBSCAN,10% точок,1.0,1,-0.0006828711858253034,402,42,360,1,letters_gst
DBSCAN,10% точок,1.0,2,-0.00029796175537121866,400,36,364,1,letters_gst
DBSCAN,10% точок,1.0,3,0.001923896634598776,402,50,352,1,letters_gst
DBSCAN,10% точок,1.0,4,0.46247817419417153,211,29,182,1,letters_gst
DBSCAN,10% точок,2.0,0,-0.0007322933811153123,401,43,358,1,letters_gst
DBSCAN,10% точок,2.0,1,0.0007390021707696489,403,39,364,1,letters_gst
DBSCAN,10% точок,2.0,2,-9.832325033626745e-05,401,41,360,1,letters_gst
DBSCAN,10% точок,2.0,3,-0.005015359794544648,400,36,364,1,letters_gst
DBSCAN,10% точок,2.0,4,-0.003039519058408993,400,41,359,1,letters_gst
Agglomerative(Ward),внутрішня точка,0.01,0,1.0,0,0,0,0,letters_gst
Agglomerative(Ward),внутрішня точка,0.01,1,1.0,0,0,0,0,letters_gst
Agglomerative(Ward),внутрішня точка,0.01,2,1.0,0,0,0,0,letters_gst
Agglomerative(Ward),внутрішня точка,0.01,3,1.0,0,0,0,0,letters_gst
Agglomerative(Ward),внутрішня точка,0.01,4,1.0,0,0,0,0,letters_gst
Agglomerative(Ward),внутрішня точка,0.05,0,1.0,0,0,0,0,letters_gst
Agglomerative(Ward),внутрішня точка,0.05,1,1.0,0,0,0,0,letters_gst
Agglomerative(Ward),внутрішня точка,0.05,2,1.0,0,0,0,0,letters_gst
Agglomerative(Ward),внутрішня точка,0.05,3,1.0,0,0,0,0,letters_gst
Agglomerative(Ward),внутрішня точка,0.05,4,1.0,0,0,0,0,letters_gst
Agglomerative(Ward),внутрішня точка,0.1,0,1.0,0,0,0,0,letters_gst
Agglomerative(Ward),внутрішня точка,0.1,1,1.0,0,0,0,0,letters_gst
Agglomerative(Ward),внутрішня точка,0.1,2,1.0,0,0,0,0,letters_gst
Agglomerative(Ward),внутрішня точка,0.1,3,1.0,0,0,0,0,letters_gst
Agglomerative(Ward),внутрішня точка,0.1,4,1.0,0,0,0,0,letters_gst
Agglomerative(Ward),внутрішня точка,0.25,0,1.0,0,0,0,0,letters_gst
Agglomerative(Ward),внутрішня точка,0.25,1,1.0,0,0,0,0,letters_gst
Agglomerative(Ward),внутрішня точка,0.25,2,1.0,0,0,0,0,letters_gst
Agglomerative(Ward),внутрішня точка,0.25,3,1.0,0,0,0,0,letters_gst
Agglomerative(Ward),внутрішня точка,0.25,4,1.0,0,0,0,0,letters_gst
Agglomerative(Ward),внутрішня точка,0.5,0,1.0,0,0,0,0,letters_gst
Agglomerative(Ward),внутрішня точка,0.5,1,1.0,0,0,0,0,letters_gst
Agglomerative(Ward),внутрішня точка,0.5,2,1.0,0,0,0,0,letters_gst
Agglomerative(Ward),внутрішня точка,0.5,3,1.0,0,0,0,0,letters_gst
Agglomerative(Ward),внутрішня точка,0.5,4,1.0,0,0,0,0,letters_gst
Agglomerative(Ward),внутрішня точка,1.0,0,1.0,0,0,0,0,letters_gst
Agglomerative(Ward),внутрішня точка,1.0,1,1.0,0,0,0,0,letters_gst
Agglomerative(Ward),внутрішня точка,1.0,2,1.0,0,0,0,0,letters_gst
Agglomerative(Ward),внутрішня точка,1.0,3,1.0,0,0,0,0,letters_gst
Agglomerative(Ward),внутрішня точка,1.0,4,1.0,0,0,0,0,letters_gst
Agglomerative(Ward),внутрішня точка,2.0,0,0.9949958125176231,1,1,0,0,letters_gst
Agglomerative(Ward),внутрішня точка,2.0,1,0.9949958125176231,1,1,0,0,letters_gst
Agglomerative(Ward),внутрішня точка,2.0,2,1.0,0,0,0,0,letters_gst
Agglomerative(Ward),внутрішня точка,2.0,3,0.9949958125176231,1,1,0,0,letters_gst
Agglomerative(Ward),внутрішня точка,2.0,4,1.0,0,0,0,0,letters_gst
Agglomerative(Ward),межова точка,0.01,0,1.0,0,0,0,0,letters_gst
Agglomerative(Ward),межова точка,0.01,1,1.0,0,0,0,0,letters_gst
Agglomerative(Ward),межова точка,0.01,2,1.0,0,0,0,0,letters_gst
Agglomerative(Ward),межова точка,0.01,3,1.0,0,0,0,0,letters_gst
Agglomerative(Ward),межова точка,0.01,4,1.0,0,0,0,0,letters_gst
Agglomerative(Ward),межова точка,0.05,0,1.0,0,0,0,0,letters_gst
Agglomerative(Ward),межова точка,0.05,1,1.0,0,0,0,0,letters_gst
Agglomerative(Ward),межова точка,0.05,2,1.0,0,0,0,0,letters_gst
Agglomerative(Ward),межова точка,0.05,3,1.0,0,0,0,0,letters_gst
Agglomerative(Ward),межова точка,0.05,4,1.0,0,0,0,0,letters_gst
Agglomerative(Ward),межова точка,0.1,0,1.0,0,0,0,0,letters_gst
Agglomerative(Ward),межова точка,0.1,1,1.0,0,0,0,0,letters_gst
Agglomerative(Ward),межова точка,0.1,2,1.0,0,0,0,0,letters_gst
Agglomerative(Ward),межова точка,0.1,3,1.0,0,0,0,0,letters_gst
Agglomerative(Ward),межова точка,0.1,4,1.0,0,0,0,0,letters_gst
Agglomerative(Ward),межова точка,0.25,0,1.0,0,0,0,0,letters_gst
Agglomerative(Ward),межова точка,0.25,1,1.0,0,0,0,0,letters_gst
Agglomerative(Ward),межова точка,0.25,2,1.0,0,0,0,0,letters_gst
Agglomerative(Ward),межова точка,0.25,3,1.0,0,0,0,0,letters_gst
Agglomerative(Ward),межова точка,0.25,4,1.0,0,0,0,0,letters_gst
Agglomerative(Ward),межова точка,0.5,0,1.0,0,0,0,0,letters_gst
Agglomerative(Ward),межова точка,0.5,1,0.9949958125176231,1,1,0,0,letters_gst
Agglomerative(Ward),межова точка,0.5,2,1.0,0,0,0,0,letters_gst
Agglomerative(Ward),межова точка,0.5,3,1.0,0,0,0,0,letters_gst
Agglomerative(Ward),межова точка,0.5,4,1.0,0,0,0,0,letters_gst
Agglomerative(Ward),межова точка,1.0,0,1.0,0,0,0,0,letters_gst
Agglomerative(Ward),межова точка,1.0,1,0.9949958125176231,1,1,0,0,letters_gst
Agglomerative(Ward),межова точка,1.0,2,0.9949958125176231,1,1,0,0,letters_gst
Agglomerative(Ward),межова точка,1.0,3,1.0,0,0,0,0,letters_gst
Agglomerative(Ward),межова точка,1.0,4,1.0,0,0,0,0,letters_gst
Agglomerative(Ward),межова точка,2.0,0,0.9949958125176231,1,1,0,0,letters_gst
Agglomerative(Ward),межова точка,2.0,1,0.9949958125176231,1,1,0,0,letters_gst
Agglomerative(Ward),межова точка,2.0,2,1.0,0,0,0,0,letters_gst
Agglomerative(Ward),межова точка,2.0,3,0.9949958125176231,1,1,0,0,letters_gst
Agglomerative(Ward),межова точка,2.0,4,1.0,0,0,0,0,letters_gst
Agglomerative(Ward),1% точок,0.01,0,1.0,0,0,0,0,letters_gst
Agglomerative(Ward),1% точок,0.01,1,1.0,0,0,0,0,letters_gst
Agglomerative(Ward),1% точок,0.01,2,1.0,0,0,0,0,letters_gst
Agglomerative(Ward),1% точок,0.01,3,1.0,0,0,0,0,letters_gst
Agglomerative(Ward),1% точок,0.01,4,1.0,0,0,0,0,letters_gst
Agglomerative(Ward),1% точок,0.05,0,1.0,0,0,0,0,letters_gst
Agglomerative(Ward),1% точок,0.05,1,1.0,0,0,0,0,letters_gst
Agglomerative(Ward),1% точок,0.05,2,1.0,0,0,0,0,letters_gst
Agglomerative(Ward),1% точок,0.05,3,1.0,0,0,0,0,letters_gst
Agglomerative(Ward),1% точок,0.05,4,1.0,0,0,0,0,letters_gst
Agglomerative(Ward),1% точок,0.1,0,1.0,0,0,0,0,letters_gst
Agglomerative(Ward),1% точок,0.1,1,1.0,0,0,0,0,letters_gst
Agglomerative(Ward),1% точок,0.1,2,1.0,0,0,0,0,letters_gst
Agglomerative(Ward),1% точок,0.1,3,1.0,0,0,0,0,letters_gst
Agglomerative(Ward),1% точок,0.1,4,1.0,0,0,0,0,letters_gst
Agglomerative(Ward),1% точок,0.25,0,1.0,0,0,0,0,letters_gst
Agglomerative(Ward),1% точок,0.25,1,1.0,0,0,0,0,letters_gst
Agglomerative(Ward),1% точок,0.25,2,1.0,0,0,0,0,letters_gst
Agglomerative(Ward),1% точок,0.25,3,1.0,0,0,0,0,letters_gst
Agglomerative(Ward),1% точок,0.25,4,1.0,0,0,0,0,letters_gst
Agglomerative(Ward),1% точок,0.5,0,1.0,0,0,0,0,letters_gst
Agglomerative(Ward),1% точок,0.5,1,1.0,0,0,0,0,letters_gst
Agglomerative(Ward),1% точок,0.5,2,1.0,0,0,0,0,letters_gst
Agglomerative(Ward),1% точок,0.5,3,1.0,0,0,0,0,letters_gst
Agglomerative(Ward),1% точок,0.5,4,1.0,0,0,0,0,letters_gst
Agglomerative(Ward),1% точок,1.0,0,1.0,0,0,0,0,letters_gst
Agglomerative(Ward),1% точок,1.0,1,1.0,0,0,0,0,letters_gst
Agglomerative(Ward),1% точок,1.0,2,1.0,0,0,0,0,letters_gst
Agglomerative(Ward),1% точок,1.0,3,1.0,0,0,0,0,letters_gst
Agglomerative(Ward),1% точок,1.0,4,0.9949958125176231,1,1,0,0,letters_gst
Agglomerative(Ward),1% точок,2.0,0,0.9949958125176231,1,1,0,0,letters_gst
Agglomerative(Ward),1% точок,2.0,1,0.9850125211993978,3,3,0,0,letters_gst
Agglomerative(Ward),1% точок,2.0,2,0.9900168347249766,2,2,0,0,letters_gst
Agglomerative(Ward),1% точок,2.0,3,0.9900166666666667,2,2,0,0,letters_gst
Agglomerative(Ward),1% точок,2.0,4,0.9949958125176231,1,1,0,0,letters_gst
Agglomerative(Ward),5% точок,0.01,0,1.0,0,0,0,0,letters_gst
Agglomerative(Ward),5% точок,0.01,1,1.0,0,0,0,0,letters_gst
Agglomerative(Ward),5% точок,0.01,2,1.0,0,0,0,0,letters_gst
Agglomerative(Ward),5% точок,0.01,3,1.0,0,0,0,0,letters_gst
Agglomerative(Ward),5% точок,0.01,4,1.0,0,0,0,0,letters_gst
Agglomerative(Ward),5% точок,0.05,0,1.0,0,0,0,0,letters_gst
Agglomerative(Ward),5% точок,0.05,1,1.0,0,0,0,0,letters_gst
Agglomerative(Ward),5% точок,0.05,2,1.0,0,0,0,0,letters_gst
Agglomerative(Ward),5% точок,0.05,3,1.0,0,0,0,0,letters_gst
Agglomerative(Ward),5% точок,0.05,4,1.0,0,0,0,0,letters_gst
Agglomerative(Ward),5% точок,0.1,0,1.0,0,0,0,0,letters_gst
Agglomerative(Ward),5% точок,0.1,1,1.0,0,0,0,0,letters_gst
Agglomerative(Ward),5% точок,0.1,2,1.0,0,0,0,0,letters_gst
Agglomerative(Ward),5% точок,0.1,3,1.0,0,0,0,0,letters_gst
Agglomerative(Ward),5% точок,0.1,4,1.0,0,0,0,0,letters_gst
Agglomerative(Ward),5% точок,0.25,0,1.0,0,0,0,0,letters_gst
Agglomerative(Ward),5% точок,0.25,1,1.0,0,0,0,0,letters_gst
Agglomerative(Ward),5% точок,0.25,2,1.0,0,0,0,0,letters_gst
Agglomerative(Ward),5% точок,0.25,3,1.0,0,0,0,0,letters_gst
Agglomerative(Ward),5% точок,0.25,4,1.0,0,0,0,0,letters_gst
Agglomerative(Ward),5% точок,0.5,0,0.9949958125176231,1,1,0,0,letters_gst
Agglomerative(Ward),5% точок,0.5,1,0.9949958125176231,1,1,0,0,letters_gst
Agglomerative(Ward),5% точок,0.5,2,1.0,0,0,0,0,letters_gst
Agglomerative(Ward),5% точок,0.5,3,1.0,0,0,0,0,letters_gst
Agglomerative(Ward),5% точок,0.5,4,1.0,0,0,0,0,letters_gst
Agglomerative(Ward),5% точок,1.0,0,0.9949958125176231,1,1,0,0,letters_gst
Agglomerative(Ward),5% точок,1.0,1,0.9800845066199756,4,4,0,0,letters_gst
Agglomerative(Ward),5% точок,1.0,2,0.9949958125176231,1,1,0,0,letters_gst
Agglomerative(Ward),5% точок,1.0,3,0.9751818207189017,5,5,0,0,letters_gst
Agglomerative(Ward),5% точок,1.0,4,0.9900042509932298,2,2,0,0,letters_gst
Agglomerative(Ward),5% точок,2.0,0,0.9407109927817469,12,12,0,0,letters_gst
Agglomerative(Ward),5% точок,2.0,1,0.9310382563624404,14,14,0,0,letters_gst
Agglomerative(Ward),5% точок,2.0,2,0.936126107005181,13,13,0,0,letters_gst
Agglomerative(Ward),5% точок,2.0,3,0.9314746499820822,14,14,0,0,letters_gst
Agglomerative(Ward),5% точок,2.0,4,0.9316255520529759,14,14,0,0,letters_gst
Agglomerative(Ward),10% точок,0.01,0,1.0,0,0,0,0,letters_gst
Agglomerative(Ward),10% точок,0.01,1,1.0,0,0,0,0,letters_gst
Agglomerative(Ward),10% точок,0.01,2,1.0,0,0,0,0,letters_gst
Agglomerative(Ward),10% точок,0.01,3,1.0,0,0,0,0,letters_gst
Agglomerative(Ward),10% точок,0.01,4,1.0,0,0,0,0,letters_gst
Agglomerative(Ward),10% точок,0.05,0,1.0,0,0,0,0,letters_gst
Agglomerative(Ward),10% точок,0.05,1,1.0,0,0,0,0,letters_gst
Agglomerative(Ward),10% точок,0.05,2,1.0,0,0,0,0,letters_gst
Agglomerative(Ward),10% точок,0.05,3,1.0,0,0,0,0,letters_gst
Agglomerative(Ward),10% точок,0.05,4,1.0,0,0,0,0,letters_gst
Agglomerative(Ward),10% точок,0.1,0,1.0,0,0,0,0,letters_gst
Agglomerative(Ward),10% точок,0.1,1,1.0,0,0,0,0,letters_gst
Agglomerative(Ward),10% точок,0.1,2,1.0,0,0,0,0,letters_gst
Agglomerative(Ward),10% точок,0.1,3,1.0,0,0,0,0,letters_gst
Agglomerative(Ward),10% точок,0.1,4,1.0,0,0,0,0,letters_gst
Agglomerative(Ward),10% точок,0.25,0,1.0,0,0,0,0,letters_gst
Agglomerative(Ward),10% точок,0.25,1,1.0,0,0,0,0,letters_gst
Agglomerative(Ward),10% точок,0.25,2,1.0,0,0,0,0,letters_gst
Agglomerative(Ward),10% точок,0.25,3,1.0,0,0,0,0,letters_gst
Agglomerative(Ward),10% точок,0.25,4,1.0,0,0,0,0,letters_gst
Agglomerative(Ward),10% точок,0.5,0,0.9949958125176231,1,1,0,0,letters_gst
Agglomerative(Ward),10% точок,0.5,1,1.0,0,0,0,0,letters_gst
Agglomerative(Ward),10% точок,0.5,2,1.0,0,0,0,0,letters_gst
Agglomerative(Ward),10% точок,0.5,3,1.0,0,0,0,0,letters_gst
Agglomerative(Ward),10% точок,0.5,4,1.0,0,0,0,0,letters_gst
Agglomerative(Ward),10% точок,1.0,0,0.9654251034472017,7,7,0,0,letters_gst
Agglomerative(Ward),10% точок,1.0,1,0.9556410646003798,9,9,0,0,letters_gst
Agglomerative(Ward),10% точок,1.0,2,0.9702511708136237,6,6,0,0,letters_gst
Agglomerative(Ward),10% точок,1.0,3,0.9702511708136237,6,6,0,0,letters_gst
Agglomerative(Ward),10% точок,1.0,4,0.9850377307840942,3,3,0,0,letters_gst
Agglomerative(Ward),10% точок,2.0,0,0.8939614691356017,22,22,0,0,letters_gst
Agglomerative(Ward),10% точок,2.0,1,0.8653344029430514,28,28,0,0,letters_gst
Agglomerative(Ward),10% точок,2.0,2,0.8937107317629901,22,22,0,0,letters_gst
Agglomerative(Ward),10% точок,2.0,3,0.8832975449477257,24,24,0,0,letters_gst
Agglomerative(Ward),10% точок,2.0,4,0.8655174249787072,28,28,0,0,letters_gst
DBSCAN(фікс. eps),внутрішня точка,0.01,0,1.0,0,0,0,0,letters_gst
DBSCAN(фікс. eps),внутрішня точка,0.01,1,1.0,0,0,0,0,letters_gst
DBSCAN(фікс. eps),внутрішня точка,0.01,2,1.0,0,0,0,0,letters_gst
DBSCAN(фікс. eps),внутрішня точка,0.01,3,1.0,0,0,0,0,letters_gst
DBSCAN(фікс. eps),внутрішня точка,0.01,4,1.0,0,0,0,0,letters_gst
DBSCAN(фікс. eps),внутрішня точка,0.05,0,1.0,0,0,0,0,letters_gst
DBSCAN(фікс. eps),внутрішня точка,0.05,1,1.0,0,0,0,0,letters_gst
DBSCAN(фікс. eps),внутрішня точка,0.05,2,1.0,0,0,0,0,letters_gst
DBSCAN(фікс. eps),внутрішня точка,0.05,3,1.0,0,0,0,0,letters_gst
DBSCAN(фікс. eps),внутрішня точка,0.05,4,1.0,0,0,0,0,letters_gst
DBSCAN(фікс. eps),внутрішня точка,0.1,0,1.0,0,0,0,0,letters_gst
DBSCAN(фікс. eps),внутрішня точка,0.1,1,1.0,0,0,0,0,letters_gst
DBSCAN(фікс. eps),внутрішня точка,0.1,2,0.9972341510880448,1,1,0,0,letters_gst
DBSCAN(фікс. eps),внутрішня точка,0.1,3,0.9972341510880448,1,1,0,0,letters_gst
DBSCAN(фікс. eps),внутрішня точка,0.1,4,1.0,0,0,0,0,letters_gst
DBSCAN(фікс. eps),внутрішня точка,0.25,0,0.9972341510880448,1,1,0,0,letters_gst
DBSCAN(фікс. eps),внутрішня точка,0.25,1,1.0,0,0,0,0,letters_gst
DBSCAN(фікс. eps),внутрішня точка,0.25,2,1.0,0,0,0,0,letters_gst
DBSCAN(фікс. eps),внутрішня точка,0.25,3,1.0,0,0,0,0,letters_gst
DBSCAN(фікс. eps),внутрішня точка,0.25,4,0.9972341510880448,1,1,0,0,letters_gst
DBSCAN(фікс. eps),внутрішня точка,0.5,0,1.0,0,0,0,0,letters_gst
DBSCAN(фікс. eps),внутрішня точка,0.5,1,0.9972341510880448,1,1,0,0,letters_gst
DBSCAN(фікс. eps),внутрішня точка,0.5,2,1.0,0,0,0,0,letters_gst
DBSCAN(фікс. eps),внутрішня точка,0.5,3,0.9972341510880448,1,1,0,0,letters_gst
DBSCAN(фікс. eps),внутрішня точка,0.5,4,1.0,0,0,0,0,letters_gst
DBSCAN(фікс. eps),внутрішня точка,1.0,0,0.9972341510880448,1,1,0,0,letters_gst
DBSCAN(фікс. eps),внутрішня точка,1.0,1,1.0,0,0,0,0,letters_gst
DBSCAN(фікс. eps),внутрішня точка,1.0,2,0.9972341510880448,1,1,0,0,letters_gst
DBSCAN(фікс. eps),внутрішня точка,1.0,3,0.9972341510880448,1,1,0,0,letters_gst
DBSCAN(фікс. eps),внутрішня точка,1.0,4,0.9972341510880448,1,1,0,0,letters_gst
DBSCAN(фікс. eps),внутрішня точка,2.0,0,0.9955227085389474,1,1,0,0,letters_gst
DBSCAN(фікс. eps),внутрішня точка,2.0,1,0.9972341510880448,1,1,0,0,letters_gst
DBSCAN(фікс. eps),внутрішня точка,2.0,2,0.9972341510880448,1,1,0,0,letters_gst
DBSCAN(фікс. eps),внутрішня точка,2.0,3,0.9972341510880448,1,1,0,0,letters_gst
DBSCAN(фікс. eps),внутрішня точка,2.0,4,0.9972341510880448,1,1,0,0,letters_gst
DBSCAN(фікс. eps),межова точка,0.01,0,1.0,0,0,0,0,letters_gst
DBSCAN(фікс. eps),межова точка,0.01,1,1.0,0,0,0,0,letters_gst
DBSCAN(фікс. eps),межова точка,0.01,2,1.0,0,0,0,0,letters_gst
DBSCAN(фікс. eps),межова точка,0.01,3,1.0,0,0,0,0,letters_gst
DBSCAN(фікс. eps),межова точка,0.01,4,1.0,0,0,0,0,letters_gst
DBSCAN(фікс. eps),межова точка,0.05,0,1.0,0,0,0,0,letters_gst
DBSCAN(фікс. eps),межова точка,0.05,1,1.0,0,0,0,0,letters_gst
DBSCAN(фікс. eps),межова точка,0.05,2,1.0,0,0,0,0,letters_gst
DBSCAN(фікс. eps),межова точка,0.05,3,1.0,0,0,0,0,letters_gst
DBSCAN(фікс. eps),межова точка,0.05,4,1.0,0,0,0,0,letters_gst
DBSCAN(фікс. eps),межова точка,0.1,0,1.0,0,0,0,0,letters_gst
DBSCAN(фікс. eps),межова точка,0.1,1,1.0,0,0,0,0,letters_gst
DBSCAN(фікс. eps),межова точка,0.1,2,1.0,0,0,0,0,letters_gst
DBSCAN(фікс. eps),межова точка,0.1,3,0.9972341510880448,1,1,0,0,letters_gst
DBSCAN(фікс. eps),межова точка,0.1,4,1.0,0,0,0,0,letters_gst
DBSCAN(фікс. eps),межова точка,0.25,0,0.9972341510880448,1,1,0,0,letters_gst
DBSCAN(фікс. eps),межова точка,0.25,1,0.9972341510880448,1,1,0,0,letters_gst
DBSCAN(фікс. eps),межова точка,0.25,2,1.0,0,0,0,0,letters_gst
DBSCAN(фікс. eps),межова точка,0.25,3,1.0,0,0,0,0,letters_gst
DBSCAN(фікс. eps),межова точка,0.25,4,0.9972341510880448,1,1,0,0,letters_gst
DBSCAN(фікс. eps),межова точка,0.5,0,1.0,0,0,0,0,letters_gst
DBSCAN(фікс. eps),межова точка,0.5,1,0.9972341510880448,1,1,0,0,letters_gst
DBSCAN(фікс. eps),межова точка,0.5,2,0.9972341510880448,1,1,0,0,letters_gst
DBSCAN(фікс. eps),межова точка,0.5,3,1.0,0,0,0,0,letters_gst
DBSCAN(фікс. eps),межова точка,0.5,4,0.9972341510880448,1,1,0,0,letters_gst
DBSCAN(фікс. eps),межова точка,1.0,0,0.9972341510880448,1,1,0,0,letters_gst
DBSCAN(фікс. eps),межова точка,1.0,1,0.9972341510880448,1,1,0,0,letters_gst
DBSCAN(фікс. eps),межова точка,1.0,2,0.9972341510880448,1,1,0,0,letters_gst
DBSCAN(фікс. eps),межова точка,1.0,3,1.0,0,0,0,0,letters_gst
DBSCAN(фікс. eps),межова точка,1.0,4,0.9972341510880448,1,1,0,0,letters_gst
DBSCAN(фікс. eps),межова точка,2.0,0,0.9955227085389474,1,1,0,0,letters_gst
DBSCAN(фікс. eps),межова точка,2.0,1,0.9955227085389474,1,1,0,0,letters_gst
DBSCAN(фікс. eps),межова точка,2.0,2,0.9972341510880448,1,1,0,0,letters_gst
DBSCAN(фікс. eps),межова точка,2.0,3,0.9972341510880448,1,1,0,0,letters_gst
DBSCAN(фікс. eps),межова точка,2.0,4,0.9972341510880448,1,1,0,0,letters_gst
DBSCAN(фікс. eps),1% точок,0.01,0,1.0,0,0,0,0,letters_gst
DBSCAN(фікс. eps),1% точок,0.01,1,1.0,0,0,0,0,letters_gst
DBSCAN(фікс. eps),1% точок,0.01,2,1.0,0,0,0,0,letters_gst
DBSCAN(фікс. eps),1% точок,0.01,3,1.0,0,0,0,0,letters_gst
DBSCAN(фікс. eps),1% точок,0.01,4,1.0,0,0,0,0,letters_gst
DBSCAN(фікс. eps),1% точок,0.05,0,1.0,0,0,0,0,letters_gst
DBSCAN(фікс. eps),1% точок,0.05,1,1.0,0,0,0,0,letters_gst
DBSCAN(фікс. eps),1% точок,0.05,2,1.0,0,0,0,0,letters_gst
DBSCAN(фікс. eps),1% точок,0.05,3,1.0,0,0,0,0,letters_gst
DBSCAN(фікс. eps),1% точок,0.05,4,1.0,0,0,0,0,letters_gst
DBSCAN(фікс. eps),1% точок,0.1,0,1.0,0,0,0,0,letters_gst
DBSCAN(фікс. eps),1% точок,0.1,1,1.0,0,0,0,0,letters_gst
DBSCAN(фікс. eps),1% точок,0.1,2,1.0,0,0,0,0,letters_gst
DBSCAN(фікс. eps),1% точок,0.1,3,1.0,0,0,0,0,letters_gst
DBSCAN(фікс. eps),1% точок,0.1,4,1.0,0,0,0,0,letters_gst
DBSCAN(фікс. eps),1% точок,0.25,0,0.993490336164835,5,4,1,0,letters_gst
DBSCAN(фікс. eps),1% точок,0.25,1,0.997234218516382,2,2,0,0,letters_gst
DBSCAN(фікс. eps),1% точок,0.25,2,0.9989774211959374,1,1,0,0,letters_gst
DBSCAN(фікс. eps),1% точок,0.25,3,0.9589951418697772,29,1,28,1,letters_gst
DBSCAN(фікс. eps),1% точок,0.25,4,0.9989774211959374,1,1,0,0,letters_gst
DBSCAN(фікс. eps),1% точок,0.5,0,0.9833480489876877,6,6,0,0,letters_gst
DBSCAN(фікс. eps),1% точок,0.5,1,0.9861326576200693,5,5,0,0,letters_gst
DBSCAN(фікс. eps),1% точок,0.5,2,0.9899513206267719,4,4,0,0,letters_gst
DBSCAN(фікс. eps),1% точок,0.5,3,0.9888969487494939,4,4,0,0,letters_gst
DBSCAN(фікс. eps),1% точок,0.5,4,0.988144301999519,5,5,0,0,letters_gst
DBSCAN(фікс. eps),1% точок,1.0,0,0.9906112214437064,4,4,0,0,letters_gst
DBSCAN(фікс. eps),1% точок,1.0,1,0.995183312900365,3,3,0,0,letters_gst
DBSCAN(фікс. eps),1% точок,1.0,2,0.9898596110181533,5,5,0,0,letters_gst
DBSCAN(фікс. eps),1% точок,1.0,3,0.9888140863916239,5,5,0,0,letters_gst
DBSCAN(фікс. eps),1% точок,1.0,4,0.9886329036356507,6,6,0,0,letters_gst
DBSCAN(фікс. eps),1% точок,2.0,0,0.9836945034262236,6,6,0,0,letters_gst
DBSCAN(фікс. eps),1% точок,2.0,1,0.984407701769256,6,6,0,0,letters_gst
DBSCAN(фікс. eps),1% точок,2.0,2,0.9855386295707445,5,5,0,0,letters_gst
DBSCAN(фікс. eps),1% точок,2.0,3,0.982826247073661,6,6,0,0,letters_gst
DBSCAN(фікс. eps),1% точок,2.0,4,0.9773035418057391,8,6,2,0,letters_gst
DBSCAN(фікс. eps),5% точок,0.01,0,1.0,0,0,0,0,letters_gst
DBSCAN(фікс. eps),5% точок,0.01,1,1.0,0,0,0,0,letters_gst
DBSCAN(фікс. eps),5% точок,0.01,2,1.0,0,0,0,0,letters_gst
DBSCAN(фікс. eps),5% точок,0.01,3,1.0,0,0,0,0,letters_gst
DBSCAN(фікс. eps),5% точок,0.01,4,0.8790446246479472,74,4,70,1,letters_gst
DBSCAN(фікс. eps),5% точок,0.05,0,1.0,0,0,0,0,letters_gst
DBSCAN(фікс. eps),5% точок,0.05,1,0.8790446246479472,74,4,70,1,letters_gst
DBSCAN(фікс. eps),5% точок,0.05,2,0.8790446246479472,74,6,68,1,letters_gst
DBSCAN(фікс. eps),5% точок,0.05,3,1.0,0,0,0,0,letters_gst
DBSCAN(фікс. eps),5% точок,0.05,4,1.0,0,0,0,0,letters_gst
DBSCAN(фікс. eps),5% точок,0.1,0,0.9889934945346744,13,0,13,1,letters_gst
DBSCAN(фікс. eps),5% точок,0.1,1,0.9972341510880448,1,1,0,0,letters_gst
DBSCAN(фікс. eps),5% точок,0.1,2,0.9979816191935496,2,2,0,0,letters_gst
DBSCAN(фікс. eps),5% точок,0.1,3,0.9972341510880448,1,1,0,0,letters_gst
DBSCAN(фікс. eps),5% точок,0.1,4,1.0,0,0,0,0,letters_gst
DBSCAN(фікс. eps),5% точок,0.25,0,0.9842462990192011,7,7,0,0,letters_gst
DBSCAN(фікс. eps),5% точок,0.25,1,0.9826866647240544,7,6,1,0,letters_gst
DBSCAN(фікс. eps),5% точок,0.25,2,0.9762030937291543,11,9,2,0,letters_gst
DBSCAN(фікс. eps),5% точок,0.25,3,0.9816798994795337,7,6,1,0,letters_gst
DBSCAN(фікс. eps),5% точок,0.25,4,0.9784834584081304,10,9,1,0,letters_gst
DBSCAN(фікс. eps),5% точок,0.5,0,0.9381554268943089,25,25,0,0,letters_gst
DBSCAN(фікс. eps),5% точок,0.5,1,0.853049438680709,85,15,70,1,letters_gst
DBSCAN(фікс. eps),5% точок,0.5,2,0.9492494793160161,23,22,1,0,letters_gst
DBSCAN(фікс. eps),5% точок,0.5,3,0.8300425975518891,94,20,74,1,letters_gst
DBSCAN(фікс. eps),5% точок,0.5,4,0.9504648410952403,20,19,1,0,letters_gst
DBSCAN(фікс. eps),5% точок,1.0,0,0.9361094492941292,26,26,0,0,letters_gst
DBSCAN(фікс. eps),5% точок,1.0,1,0.9442414534006519,23,23,0,0,letters_gst
DBSCAN(фікс. eps),5% точок,1.0,2,0.9422896505770343,25,24,1,0,letters_gst
DBSCAN(фікс. eps),5% точок,1.0,3,0.944453697095303,26,26,0,0,letters_gst
DBSCAN(фікс. eps),5% точок,1.0,4,0.9339026880873453,28,28,0,0,letters_gst
DBSCAN(фікс. eps),5% точок,2.0,0,0.9257661253800751,30,30,0,0,letters_gst
DBSCAN(фікс. eps),5% точок,2.0,1,0.9215679286680911,30,30,0,0,letters_gst
DBSCAN(фікс. eps),5% точок,2.0,2,0.9226399630393578,30,30,0,0,letters_gst
DBSCAN(фікс. eps),5% точок,2.0,3,0.9295166334204261,29,29,0,0,letters_gst
DBSCAN(фікс. eps),5% точок,2.0,4,0.9310056483746985,30,29,1,0,letters_gst
DBSCAN(фікс. eps),10% точок,0.01,0,1.0,0,0,0,0,letters_gst
DBSCAN(фікс. eps),10% точок,0.01,1,1.0,0,0,0,0,letters_gst
DBSCAN(фікс. eps),10% точок,0.01,2,1.0,0,0,0,0,letters_gst
DBSCAN(фікс. eps),10% точок,0.01,3,1.0,0,0,0,0,letters_gst
DBSCAN(фікс. eps),10% точок,0.01,4,1.0,0,0,0,0,letters_gst
DBSCAN(фікс. eps),10% точок,0.05,0,0.9982721342640739,1,1,0,0,letters_gst
DBSCAN(фікс. eps),10% точок,0.05,1,0.981114251372102,12,2,10,1,letters_gst
DBSCAN(фікс. eps),10% точок,0.05,2,1.0,0,0,0,0,letters_gst
DBSCAN(фікс. eps),10% точок,0.05,3,0.9982721342640739,1,1,0,0,letters_gst
DBSCAN(фікс. eps),10% точок,0.05,4,0.9982721342640739,1,0,1,0,letters_gst
DBSCAN(фікс. eps),10% точок,0.1,0,0.9955504003390789,2,1,1,0,letters_gst
DBSCAN(фікс. eps),10% точок,0.1,1,0.9982721342640739,1,1,0,0,letters_gst
DBSCAN(фікс. eps),10% точок,0.1,2,0.8790446246479472,74,8,66,1,letters_gst
DBSCAN(фікс. eps),10% точок,0.1,3,0.9927917564518317,3,2,1,0,letters_gst
DBSCAN(фікс. eps),10% точок,0.1,4,1.0,0,0,0,0,letters_gst
DBSCAN(фікс. eps),10% точок,0.25,0,0.9648664314725364,15,14,1,0,letters_gst
DBSCAN(фікс. eps),10% точок,0.25,1,0.9590394190436788,25,15,10,1,letters_gst
DBSCAN(фікс. eps),10% точок,0.25,2,0.9344425516620101,41,19,22,1,letters_gst
DBSCAN(фікс. eps),10% точок,0.25,3,0.9576892405450284,18,17,1,0,letters_gst
DBSCAN(фікс. eps),10% точок,0.25,4,0.8216913107446336,99,25,74,1,letters_gst
DBSCAN(фікс. eps),10% точок,0.5,0,0.9046161119205817,38,38,0,0,letters_gst
DBSCAN(фікс. eps),10% точок,0.5,1,0.8868404976243849,46,46,0,0,letters_gst
DBSCAN(фікс. eps),10% точок,0.5,2,0.9116262535813967,35,33,2,0,letters_gst
DBSCAN(фікс. eps),10% точок,0.5,3,0.8466473473706534,58,47,11,1,letters_gst
DBSCAN(фікс. eps),10% точок,0.5,4,0.890861393647884,46,44,2,1,letters_gst
DBSCAN(фікс. eps),10% точок,1.0,0,0.8600470248227112,55,55,0,0,letters_gst
DBSCAN(фікс. eps),10% точок,1.0,1,0.8751312132638019,52,52,0,0,letters_gst
DBSCAN(фікс. eps),10% точок,1.0,2,0.8371978338968616,73,55,18,1,letters_gst
DBSCAN(фікс. eps),10% точок,1.0,3,0.8699890560185903,55,55,0,0,letters_gst
DBSCAN(фікс. eps),10% точок,1.0,4,0.7627438738794073,120,51,69,1,letters_gst
DBSCAN(фікс. eps),10% точок,2.0,0,0.849643742002232,59,59,0,0,letters_gst
DBSCAN(фікс. eps),10% точок,2.0,1,0.8389593136607362,60,60,0,0,letters_gst
DBSCAN(фікс. eps),10% точок,2.0,2,0.8339315296734195,70,60,10,1,letters_gst
DBSCAN(фікс. eps),10% точок,2.0,3,0.79046470869006,96,60,36,1,letters_gst
DBSCAN(фікс. eps),10% точок,2.0,4,0.8370885265391583,67,59,8,1,letters_gst
KMeans,внутрішня точка,0.01,0,1.0,0,0,0,0,rings
KMeans,внутрішня точка,0.01,1,1.0,0,0,0,0,rings
KMeans,внутрішня точка,0.01,2,1.0,0,0,0,0,rings
KMeans,внутрішня точка,0.01,3,1.0,0,0,0,0,rings
KMeans,внутрішня точка,0.01,4,1.0,0,0,0,0,rings
KMeans,внутрішня точка,0.05,0,1.0,0,0,0,0,rings
KMeans,внутрішня точка,0.05,1,1.0,0,0,0,0,rings
KMeans,внутрішня точка,0.05,2,1.0,0,0,0,0,rings
KMeans,внутрішня точка,0.05,3,1.0,0,0,0,0,rings
KMeans,внутрішня точка,0.05,4,1.0,0,0,0,0,rings
KMeans,внутрішня точка,0.1,0,1.0,0,0,0,0,rings
KMeans,внутрішня точка,0.1,1,1.0,0,0,0,0,rings
KMeans,внутрішня точка,0.1,2,1.0,0,0,0,0,rings
KMeans,внутрішня точка,0.1,3,1.0,0,0,0,0,rings
KMeans,внутрішня точка,0.1,4,1.0,0,0,0,0,rings
KMeans,внутрішня точка,0.25,0,1.0,0,0,0,0,rings
KMeans,внутрішня точка,0.25,1,1.0,0,0,0,0,rings
KMeans,внутрішня точка,0.25,2,1.0,0,0,0,0,rings
KMeans,внутрішня точка,0.25,3,1.0,0,0,0,0,rings
KMeans,внутрішня точка,0.25,4,1.0,0,0,0,0,rings
KMeans,внутрішня точка,0.5,0,1.0,0,0,0,0,rings
KMeans,внутрішня точка,0.5,1,1.0,0,0,0,0,rings
KMeans,внутрішня точка,0.5,2,1.0,0,0,0,0,rings
KMeans,внутрішня точка,0.5,3,1.0,0,0,0,0,rings
KMeans,внутрішня точка,0.5,4,1.0,0,0,0,0,rings
KMeans,внутрішня точка,1.0,0,0.9956786062518962,1,1,0,0,rings
KMeans,внутрішня точка,1.0,1,1.0,0,0,0,0,rings
KMeans,внутрішня точка,1.0,2,1.0,0,0,0,0,rings
KMeans,внутрішня точка,1.0,3,1.0,0,0,0,0,rings
KMeans,внутрішня точка,1.0,4,1.0,0,0,0,0,rings
KMeans,внутрішня точка,2.0,0,1.0,0,0,0,0,rings
KMeans,внутрішня точка,2.0,1,1.0,0,0,0,0,rings
KMeans,внутрішня точка,2.0,2,0.9956786062518962,1,1,0,0,rings
KMeans,внутрішня точка,2.0,3,1.0,0,0,0,0,rings
KMeans,внутрішня точка,2.0,4,0.9958010624407948,1,1,0,0,rings
KMeans,межова точка,0.01,0,1.0,0,0,0,0,rings
KMeans,межова точка,0.01,1,1.0,0,0,0,0,rings
KMeans,межова точка,0.01,2,1.0,0,0,0,0,rings
KMeans,межова точка,0.01,3,1.0,0,0,0,0,rings
KMeans,межова точка,0.01,4,1.0,0,0,0,0,rings
KMeans,межова точка,0.05,0,1.0,0,0,0,0,rings
KMeans,межова точка,0.05,1,1.0,0,0,0,0,rings
KMeans,межова точка,0.05,2,1.0,0,0,0,0,rings
KMeans,межова точка,0.05,3,1.0,0,0,0,0,rings
KMeans,межова точка,0.05,4,1.0,0,0,0,0,rings
KMeans,межова точка,0.1,0,1.0,0,0,0,0,rings
KMeans,межова точка,0.1,1,1.0,0,0,0,0,rings
KMeans,межова точка,0.1,2,1.0,0,0,0,0,rings
KMeans,межова точка,0.1,3,1.0,0,0,0,0,rings
KMeans,межова точка,0.1,4,1.0,0,0,0,0,rings
KMeans,межова точка,0.25,0,1.0,0,0,0,0,rings
KMeans,межова точка,0.25,1,1.0,0,0,0,0,rings
KMeans,межова точка,0.25,2,1.0,0,0,0,0,rings
KMeans,межова точка,0.25,3,1.0,0,0,0,0,rings
KMeans,межова точка,0.25,4,1.0,0,0,0,0,rings
KMeans,межова точка,0.5,0,0.9958010624407948,1,1,0,0,rings
KMeans,межова точка,0.5,1,1.0,0,0,0,0,rings
KMeans,межова точка,0.5,2,1.0,0,0,0,0,rings
KMeans,межова точка,0.5,3,0.9958010624407948,1,1,0,0,rings
KMeans,межова точка,0.5,4,1.0,0,0,0,0,rings
KMeans,межова точка,1.0,0,1.0,0,0,0,0,rings
KMeans,межова точка,1.0,1,1.0,0,0,0,0,rings
KMeans,межова точка,1.0,2,1.0,0,0,0,0,rings
KMeans,межова точка,1.0,3,0.9958010624407948,1,1,0,0,rings
KMeans,межова точка,1.0,4,1.0,0,0,0,0,rings
KMeans,межова точка,2.0,0,1.0,0,0,0,0,rings
KMeans,межова точка,2.0,1,1.0,0,0,0,0,rings
KMeans,межова точка,2.0,2,0.9958010624407948,1,1,0,0,rings
KMeans,межова точка,2.0,3,1.0,0,0,0,0,rings
KMeans,межова точка,2.0,4,0.9958010624407948,1,1,0,0,rings
KMeans,1% точок,0.01,0,1.0,0,0,0,0,rings
KMeans,1% точок,0.01,1,1.0,0,0,0,0,rings
KMeans,1% точок,0.01,2,1.0,0,0,0,0,rings
KMeans,1% точок,0.01,3,1.0,0,0,0,0,rings
KMeans,1% точок,0.01,4,1.0,0,0,0,0,rings
KMeans,1% точок,0.05,0,0.9956814675242629,1,1,0,0,rings
KMeans,1% точок,0.05,1,1.0,0,0,0,0,rings
KMeans,1% точок,0.05,2,1.0,0,0,0,0,rings
KMeans,1% точок,0.05,3,1.0,0,0,0,0,rings
KMeans,1% точок,0.05,4,1.0,0,0,0,0,rings
KMeans,1% точок,0.1,0,1.0,0,0,0,0,rings
KMeans,1% точок,0.1,1,1.0,0,0,0,0,rings
KMeans,1% точок,0.1,2,0.9956814675242629,1,1,0,0,rings
KMeans,1% точок,0.1,3,1.0,0,0,0,0,rings
KMeans,1% точок,0.1,4,1.0,0,0,0,0,rings
KMeans,1% точок,0.25,0,1.0,0,0,0,0,rings
KMeans,1% точок,0.25,1,1.0,0,0,0,0,rings
KMeans,1% точок,0.25,2,1.0,0,0,0,0,rings
KMeans,1% точок,0.25,3,1.0,0,0,0,0,rings
KMeans,1% точок,0.25,4,1.0,0,0,0,0,rings
KMeans,1% точок,0.5,0,1.0,0,0,0,0,rings
KMeans,1% точок,0.5,1,0.9970511851920448,1,0,1,0,rings
KMeans,1% точок,0.5,2,1.0,0,0,0,0,rings
KMeans,1% точок,0.5,3,0.9970511851920448,1,0,1,0,rings
KMeans,1% точок,0.5,4,0.9970511851920448,1,0,1,0,rings
KMeans,1% точок,1.0,0,0.9970511851920448,1,0,1,0,rings
KMeans,1% точок,1.0,1,1.0,0,0,0,0,rings
KMeans,1% точок,1.0,2,0.9615861402969286,10,0,10,0,rings
KMeans,1% точок,1.0,3,0.9970509934695122,1,1,0,0,rings
KMeans,1% точок,1.0,4,0.9970511851920448,1,0,1,0,rings
KMeans,1% точок,2.0,0,0.9956786062518962,1,1,0,0,rings
KMeans,1% точок,2.0,1,0.9518071533463227,13,3,10,0,rings
KMeans,1% точок,2.0,2,0.992858973451715,2,1,1,0,rings
KMeans,1% точок,2.0,3,0.9614421492392331,10,2,8,0,rings
KMeans,1% точок,2.0,4,0.9787301612681983,5,5,0,0,rings
KMeans,5% точок,0.01,0,1.0,0,0,0,0,rings
KMeans,5% точок,0.01,1,1.0,0,0,0,0,rings
KMeans,5% точок,0.01,2,1.0,0,0,0,0,rings
KMeans,5% точок,0.01,3,1.0,0,0,0,0,rings
KMeans,5% точок,0.01,4,1.0,0,0,0,0,rings
KMeans,5% точок,0.05,0,0.9970511851920448,1,0,1,0,rings
KMeans,5% точок,0.05,1,1.0,0,0,0,0,rings
KMeans,5% точок,0.05,2,0.9913811548550827,2,1,1,0,rings
KMeans,5% точок,0.05,3,1.0,0,0,0,0,rings
KMeans,5% точок,0.05,4,1.0,0,0,0,0,rings
KMeans,5% точок,0.1,0,0.9970511851920448,1,0,1,0,rings
KMeans,5% точок,0.1,1,0.9970511851920448,1,0,1,0,rings
KMeans,5% точок,0.1,2,0.9743683995954467,6,4,2,0,rings
KMeans,5% точок,0.1,3,0.9615861402969286,10,1,9,0,rings
KMeans,5% точок,0.1,4,0.9970511851920448,1,1,0,0,rings
KMeans,5% точок,0.25,0,0.9970511851920448,1,0,1,0,rings
KMeans,5% точок,0.25,1,1.0,0,0,0,0,rings
KMeans,5% точок,0.25,2,0.9303920025670094,17,3,14,0,rings
KMeans,5% точок,0.25,3,0.9970511851920448,1,0,1,0,rings
KMeans,5% точок,0.25,4,0.9874676024223025,3,1,2,0,rings
KMeans,5% точок,0.5,0,0.4471903344567884,177,11,166,0,rings
KMeans,5% точок,0.5,1,0.9970511851920448,1,0,1,0,rings
KMeans,5% точок,0.5,2,0.9928641944183807,2,1,1,0,rings
KMeans,5% точок,0.5,3,0.9616498042314691,9,3,6,0,rings
KMeans,5% точок,0.5,4,0.9700153752746924,7,2,5,0,rings
KMeans,5% точок,1.0,0,0.9783637236951314,6,5,1,0,rings
KMeans,5% точок,1.0,1,0.9886477806181325,3,3,0,0,rings
KMeans,5% точок,1.0,2,0.9574642405700624,11,2,9,0,rings
KMeans,5% точок,1.0,3,0.38455122784066453,232,14,218,0,rings
KMeans,5% точок,1.0,4,0.5411638408017339,143,8,135,0,rings
KMeans,5% точок,2.0,0,0.5172298342781892,152,11,141,0,rings
KMeans,5% точок,2.0,1,0.4633249893078198,173,9,164,0,rings
KMeans,5% точок,2.0,2,0.9094239765474063,22,7,15,0,rings
KMeans,5% точок,2.0,3,0.9618542027391876,10,8,2,0,rings
KMeans,5% точок,2.0,4,0.9243248821830509,18,5,13,0,rings
KMeans,10% точок,0.01,0,1.0,0,0,0,0,rings
KMeans,10% точок,0.01,1,1.0,0,0,0,0,rings
KMeans,10% точок,0.01,2,1.0,0,0,0,0,rings
KMeans,10% точок,0.01,3,1.0,0,0,0,0,rings
KMeans,10% точок,0.01,4,1.0,0,0,0,0,rings
KMeans,10% точок,0.05,0,1.0,0,0,0,0,rings
KMeans,10% точок,0.05,1,0.9970511851920448,1,1,0,0,rings
KMeans,10% точок,0.05,2,1.0,0,0,0,0,rings
KMeans,10% точок,0.05,3,0.9970511851920448,1,0,1,0,rings
KMeans,10% точок,0.05,4,0.9970511851920448,1,1,0,0,rings
KMeans,10% точок,0.1,0,0.9958041154357837,1,1,0,0,rings
KMeans,10% точок,0.1,1,0.9870990959454458,3,2,1,0,rings
KMeans,10% точок,0.1,2,0.9956786062518962,1,1,0,0,rings
KMeans,10% точок,0.1,3,0.9899324403127441,3,1,2,0,rings
KMeans,10% точок,0.1,4,0.9913811548550827,2,1,1,0,rings
KMeans,10% точок,0.25,0,0.4153038694299491,214,21,193,0,rings
KMeans,10% точок,0.25,1,0.983135180626669,4,1,3,0,rings
KMeans,10% точок,0.25,2,0.9799215305693965,5,3,2,0,rings
KMeans,10% точок,0.25,3,0.9871886430675344,3,3,0,0,rings
KMeans,10% точок,0.25,4,0.9868535327788864,4,2,2,0,rings
KMeans,10% точок,0.5,0,0.9213529217640821,19,10,9,0,rings
KMeans,10% точок,0.5,1,0.9490657036425185,13,6,7,0,rings
KMeans,10% точок,0.5,2,0.9397970084684326,16,7,9,0,rings
KMeans,10% точок,0.5,3,0.9813329077234323,5,4,1,0,rings
KMeans,10% точок,0.5,4,0.9182509590657493,20,6,14,0,rings
KMeans,10% точок,1.0,0,0.8834013505754595,29,11,18,0,rings
KMeans,10% точок,1.0,1,0.9502244745610928,14,5,9,0,rings
KMeans,10% точок,1.0,2,0.8481484905458764,37,15,22,0,rings
KMeans,10% точок,1.0,3,0.9367910605424391,15,6,9,0,rings
KMeans,10% точок,1.0,4,0.918592663312297,20,10,10,0,rings
KMeans,10% точок,2.0,0,0.9334402638595368,17,16,1,0,rings
KMeans,10% точок,2.0,1,0.7883324959548755,54,17,37,0,rings
KMeans,10% точок,2.0,2,0.8266137367485857,44,21,23,0,rings
KMeans,10% точок,2.0,3,0.9350536222719726,16,16,0,0,rings
KMeans,10% точок,2.0,4,0.7247822816721053,81,22,59,0,rings
GaussianMixture,внутрішня точка,0.01,0,1.0,0,0,0,0,rings
GaussianMixture,внутрішня точка,0.01,1,1.0,0,0,0,0,rings
GaussianMixture,внутрішня точка,0.01,2,1.0,0,0,0,0,rings
GaussianMixture,внутрішня точка,0.01,3,1.0,0,0,0,0,rings
GaussianMixture,внутрішня точка,0.01,4,1.0,0,0,0,0,rings
GaussianMixture,внутрішня точка,0.05,0,1.0,0,0,0,0,rings
GaussianMixture,внутрішня точка,0.05,1,1.0,0,0,0,0,rings
GaussianMixture,внутрішня точка,0.05,2,1.0,0,0,0,0,rings
GaussianMixture,внутрішня точка,0.05,3,1.0,0,0,0,0,rings
GaussianMixture,внутрішня точка,0.05,4,1.0,0,0,0,0,rings
GaussianMixture,внутрішня точка,0.1,0,1.0,0,0,0,0,rings
GaussianMixture,внутрішня точка,0.1,1,1.0,0,0,0,0,rings
GaussianMixture,внутрішня точка,0.1,2,1.0,0,0,0,0,rings
GaussianMixture,внутрішня точка,0.1,3,1.0,0,0,0,0,rings
GaussianMixture,внутрішня точка,0.1,4,1.0,0,0,0,0,rings
GaussianMixture,внутрішня точка,0.25,0,0.1464697528241557,232,0,232,0,rings
GaussianMixture,внутрішня точка,0.25,1,1.0,0,0,0,0,rings
GaussianMixture,внутрішня точка,0.25,2,1.0,0,0,0,0,rings
GaussianMixture,внутрішня точка,0.25,3,1.0,0,0,0,0,rings
GaussianMixture,внутрішня точка,0.25,4,1.0,0,0,0,0,rings
GaussianMixture,внутрішня точка,0.5,0,1.0,0,0,0,0,rings
GaussianMixture,внутрішня точка,0.5,1,0.14562142360615027,233,0,233,0,rings
GaussianMixture,внутрішня точка,0.5,2,0.9943206479634453,1,0,1,0,rings
GaussianMixture,внутрішня точка,0.5,3,0.9943206479634453,1,0,1,0,rings
GaussianMixture,внутрішня точка,0.5,4,1.0,0,0,0,0,rings
GaussianMixture,внутрішня точка,1.0,0,0.9943206479634453,1,0,1,0,rings
GaussianMixture,внутрішня точка,1.0,1,0.9942238399619268,1,0,1,0,rings
GaussianMixture,внутрішня точка,1.0,2,0.14562142360615027,233,0,233,0,rings
GaussianMixture,внутрішня точка,1.0,3,1.0,0,0,0,0,rings
GaussianMixture,внутрішня точка,1.0,4,0.9943206479634453,1,0,1,0,rings
GaussianMixture,внутрішня точка,2.0,0,0.1464697528241557,232,0,232,0,rings
GaussianMixture,внутрішня точка,2.0,1,0.8304028280129453,37,0,37,0,rings
GaussianMixture,внутрішня точка,2.0,2,1.0,0,0,0,0,rings
GaussianMixture,внутрішня точка,2.0,3,0.8304028280129453,37,0,37,0,rings
GaussianMixture,внутрішня точка,2.0,4,1.0,0,0,0,0,rings
GaussianMixture,межова точка,0.01,0,1.0,0,0,0,0,rings
GaussianMixture,межова точка,0.01,1,1.0,0,0,0,0,rings
GaussianMixture,межова точка,0.01,2,1.0,0,0,0,0,rings
GaussianMixture,межова точка,0.01,3,1.0,0,0,0,0,rings
GaussianMixture,межова точка,0.01,4,1.0,0,0,0,0,rings
GaussianMixture,межова точка,0.05,0,1.0,0,0,0,0,rings
GaussianMixture,межова точка,0.05,1,1.0,0,0,0,0,rings
GaussianMixture,межова точка,0.05,2,1.0,0,0,0,0,rings
GaussianMixture,межова точка,0.05,3,1.0,0,0,0,0,rings
GaussianMixture,межова точка,0.05,4,1.0,0,0,0,0,rings
GaussianMixture,межова точка,0.1,0,1.0,0,0,0,0,rings
GaussianMixture,межова точка,0.1,1,1.0,0,0,0,0,rings
GaussianMixture,межова точка,0.1,2,1.0,0,0,0,0,rings
GaussianMixture,межова точка,0.1,3,1.0,0,0,0,0,rings
GaussianMixture,межова точка,0.1,4,1.0,0,0,0,0,rings
GaussianMixture,межова точка,0.25,0,0.14562142360615027,233,0,233,0,rings
GaussianMixture,межова точка,0.25,1,1.0,0,0,0,0,rings
GaussianMixture,межова точка,0.25,2,1.0,0,0,0,0,rings
GaussianMixture,межова точка,0.25,3,1.0,0,0,0,0,rings
GaussianMixture,межова точка,0.25,4,1.0,0,0,0,0,rings
GaussianMixture,межова точка,0.5,0,1.0,0,0,0,0,rings
GaussianMixture,межова точка,0.5,1,0.14396088952794148,235,0,235,0,rings
GaussianMixture,межова точка,0.5,2,0.9943206479634453,1,0,1,0,rings
GaussianMixture,межова точка,0.5,3,1.0,0,0,0,0,rings
GaussianMixture,межова точка,0.5,4,0.9943206479634453,1,0,1,0,rings
GaussianMixture,межова точка,1.0,0,0.9943206479634453,1,0,1,0,rings
GaussianMixture,межова точка,1.0,1,0.9943206479634453,1,0,1,0,rings
GaussianMixture,межова точка,1.0,2,0.14396088952794148,235,0,235,0,rings
GaussianMixture,межова точка,1.0,3,1.0,0,0,0,0,rings
GaussianMixture,межова точка,1.0,4,0.9943206479634453,1,0,1,0,rings
GaussianMixture,межова точка,2.0,0,0.14314857040159976,236,0,236,0,rings
GaussianMixture,межова точка,2.0,1,0.8080127598572424,54,0,54,0,rings
GaussianMixture,межова точка,2.0,2,1.0,0,0,0,0,rings
GaussianMixture,межова точка,2.0,3,0.8347631163715726,37,0,37,0,rings
GaussianMixture,межова точка,2.0,4,0.9943206479634453,1,0,1,0,rings
GaussianMixture,1% точок,0.01,0,1.0,0,0,0,0,rings
GaussianMixture,1% точок,0.01,1,1.0,0,0,0,0,rings
GaussianMixture,1% точок,0.01,2,1.0,0,0,0,0,rings
GaussianMixture,1% точок,0.01,3,1.0,0,0,0,0,rings
GaussianMixture,1% точок,0.01,4,1.0,0,0,0,0,rings
GaussianMixture,1% точок,0.05,0,1.0,0,0,0,0,rings
GaussianMixture,1% точок,0.05,1,1.0,0,0,0,0,rings
GaussianMixture,1% точок,0.05,2,1.0,0,0,0,0,rings
GaussianMixture,1% точок,0.05,3,1.0,0,0,0,0,rings
GaussianMixture,1% точок,0.05,4,0.1464697528241557,232,2,230,0,rings
GaussianMixture,1% точок,0.1,0,0.9943206479634453,1,0,1,0,rings
GaussianMixture,1% точок,0.1,1,1.0,0,0,0,0,rings
GaussianMixture,1% точок,0.1,2,0.14820282650980646,230,3,227,0,rings
GaussianMixture,1% точок,0.1,3,0.9770388437472145,4,1,3,0,rings
GaussianMixture,1% точок,0.1,4,0.14376654014389575,230,2,228,0,rings
GaussianMixture,1% точок,0.25,0,0.9771293244016553,4,0,4,0,rings
GaussianMixture,1% точок,0.25,1,0.9884847184639002,2,0,2,0,rings
GaussianMixture,1% точок,0.25,2,0.1464697528241557,232,4,228,0,rings
GaussianMixture,1% точок,0.25,3,0.9884847184639002,2,0,2,0,rings
GaussianMixture,1% точок,0.25,4,0.9770293997458877,4,1,3,0,rings
GaussianMixture,1% точок,0.5,0,1.0,0,0,0,0,rings
GaussianMixture,1% точок,0.5,1,0.9771539318340723,4,0,4,0,rings
GaussianMixture,1% точок,0.5,2,0.9885939085890608,2,0,2,0,rings
GaussianMixture,1% точок,0.5,3,0.1464697528241557,232,1,231,0,rings
GaussianMixture,1% точок,0.5,4,0.14478515500024644,234,3,231,0,rings
GaussianMixture,1% точок,1.0,0,0.971823817907465,5,1,4,0,rings
GaussianMixture,1% точок,1.0,1,0.9943412950338301,1,0,1,0,rings
GaussianMixture,1% точок,1.0,2,0.14548885155612104,258,2,256,0,rings
GaussianMixture,1% точок,1.0,3,0.9714721982797129,5,1,4,0,rings
GaussianMixture,1% точок,1.0,4,0.8336893686173329,38,0,38,0,rings
GaussianMixture,1% точок,2.0,0,0.8418611209349711,48,1,47,0,rings
GaussianMixture,1% точок,2.0,1,0.7701176060412139,62,0,62,0,rings
GaussianMixture,1% точок,2.0,2,0.9886372577194793,2,0,2,0,rings
GaussianMixture,1% точок,2.0,3,0.8203931406371708,40,1,39,0,rings
GaussianMixture,1% точок,2.0,4,0.8288055267162653,39,0,39,0,rings
GaussianMixture,5% точок,0.01,0,0.14562142360615027,233,11,222,0,rings
GaussianMixture,5% точок,0.01,1,1.0,0,0,0,0,rings
GaussianMixture,5% точок,0.01,2,1.0,0,0,0,0,rings
GaussianMixture,5% точок,0.01,3,0.9942238399619268,1,0,1,0,rings
GaussianMixture,5% точок,0.01,4,1.0,0,0,0,0,rings
GaussianMixture,5% точок,0.05,0,1.0,0,0,0,0,rings
GaussianMixture,5% точок,0.05,1,0.1464697528241557,232,11,221,0,rings
GaussianMixture,5% точок,0.05,2,0.14820282650980646,230,14,216,0,rings
GaussianMixture,5% точок,0.05,3,0.1464697528241557,232,15,217,0,rings
GaussianMixture,5% точок,0.05,4,0.14464835552543776,229,9,220,0,rings
GaussianMixture,5% точок,0.1,0,0.14733020083111156,231,11,220,0,rings
GaussianMixture,5% точок,0.1,1,0.9770293997458877,4,0,4,0,rings
GaussianMixture,5% точок,0.1,2,0.14562142360615027,233,11,222,0,rings
GaussianMixture,5% точок,0.1,3,0.9419164840944447,10,0,10,0,rings
GaussianMixture,5% точок,0.1,4,0.40394015450080023,189,7,182,0,rings
GaussianMixture,5% точок,0.25,0,0.14314857040159976,236,11,225,0,rings
GaussianMixture,5% точок,0.25,1,0.965157960843329,6,0,6,0,rings
GaussianMixture,5% точок,0.25,2,0.9655332041835926,6,0,6,0,rings
GaussianMixture,5% точок,0.25,3,0.9597758947438952,7,0,7,0,rings
GaussianMixture,5% точок,0.25,4,0.13679819910387517,237,13,224,0,rings
GaussianMixture,5% точок,0.5,0,0.8164646884078532,54,2,52,0,rings
GaussianMixture,5% точок,0.5,1,0.9771269485147044,4,1,3,0,rings
GaussianMixture,5% точок,0.5,2,0.9063829254968424,16,2,14,0,rings
GaussianMixture,5% точок,0.5,3,0.8134834840790917,52,1,51,0,rings
GaussianMixture,5% точок,0.5,4,0.8977064451963307,18,3,15,0,rings
GaussianMixture,5% точок,1.0,0,0.8238288912092778,49,6,43,0,rings
GaussianMixture,5% точок,1.0,1,0.8241099355227475,36,3,33,0,rings
GaussianMixture,5% точок,1.0,2,0.8334038186056915,42,4,38,0,rings
GaussianMixture,5% точок,1.0,3,0.9771269485147044,4,0,4,0,rings
GaussianMixture,5% точок,1.0,4,0.8215446522541007,52,4,48,0,rings
GaussianMixture,5% точок,2.0,0,0.7067029048599965,81,11,70,0,rings
GaussianMixture,5% точок,2.0,1,0.8416942508903087,27,12,15,0,rings
GaussianMixture,5% точок,2.0,2,0.3784989706745745,213,13,200,0,rings
GaussianMixture,5% точок,2.0,3,0.8815372578415399,21,7,14,0,rings
GaussianMixture,5% точок,2.0,4,0.07783252348951082,247,10,237,0,rings
GaussianMixture,10% точок,0.01,0,1.0,0,0,0,0,rings
GaussianMixture,10% точок,0.01,1,0.9942238399619268,1,1,0,0,rings
GaussianMixture,10% точок,0.01,2,0.9943206479634453,1,0,1,0,rings
GaussianMixture,10% точок,0.01,3,0.1464697528241557,232,20,212,0,rings
GaussianMixture,10% точок,0.01,4,0.1464697528241557,232,33,199,0,rings
GaussianMixture,10% точок,0.05,0,0.14733020083111156,231,24,207,0,rings
GaussianMixture,10% точок,0.05,1,0.9943412950338301,1,0,1,0,rings
GaussianMixture,10% точок,0.05,2,0.9885524390847523,2,1,1,0,rings
GaussianMixture,10% точок,0.05,3,0.9828213085064715,3,1,2,0,rings
GaussianMixture,10% точок,0.05,4,0.14820282650980646,230,27,203,0,rings
GaussianMixture,10% точок,0.1,0,0.9770362890702451,4,2,2,0,rings
GaussianMixture,10% точок,0.1,1,0.15531633220158794,227,27,200,0,rings
GaussianMixture,10% точок,0.1,2,0.1428194738926836,235,23,212,0,rings
GaussianMixture,10% точок,0.1,3,0.9715708219093845,5,1,4,0,rings
GaussianMixture,10% точок,0.1,4,0.9828213085064715,3,2,1,0,rings
GaussianMixture,10% точок,0.25,0,0.9830008706025499,3,2,1,0,rings
GaussianMixture,10% точок,0.25,1,0.936421490081872,11,2,9,0,rings
GaussianMixture,10% точок,0.25,2,0.6374958869727221,112,13,99,0,rings
GaussianMixture,10% точок,0.25,3,0.965573452339127,6,0,6,0,rings
GaussianMixture,10% точок,0.25,4,0.9544778286459408,8,0,8,0,rings
GaussianMixture,10% точок,0.5,0,0.9715708219093845,5,1,4,0,rings
GaussianMixture,10% точок,0.5,1,0.7597697578432058,65,8,57,0,rings
GaussianMixture,10% точок,0.5,2,0.11981683012915927,250,21,229,0,rings
GaussianMixture,10% точок,0.5,3,0.8128816469394508,48,3,45,0,rings
GaussianMixture,10% точок,0.5,4,0.9661776952906019,6,3,3,0,rings
GaussianMixture,10% точок,1.0,0,0.7731827926467121,40,13,27,0,rings
GaussianMixture,10% точок,1.0,1,0.12851879082471873,245,25,220,0,rings
GaussianMixture,10% точок,1.0,2,0.9322272046593705,12,4,8,0,rings
GaussianMixture,10% точок,1.0,3,0.7740536724648327,67,13,54,0,rings
GaussianMixture,10% точок,1.0,4,0.1194791855091903,258,27,231,0,rings
GaussianMixture,10% точок,2.0,0,0.1199078015977032,278,23,255,0,rings
GaussianMixture,10% точок,2.0,1,0.6564228519626991,75,14,61,0,rings
GaussianMixture,10% точок,2.0,2,0.4921055770864854,122,16,106,0,rings
GaussianMixture,10% точок,2.0,3,0.09733054086842925,322,37,285,0,rings
GaussianMixture,10% точок,2.0,4,0.8402553532294759,30,18,12,0,rings
DBSCAN,внутрішня точка,0.01,0,1.0,0,0,0,0,rings
DBSCAN,внутрішня точка,0.01,1,1.0,0,0,0,0,rings
DBSCAN,внутрішня точка,0.01,2,1.0,0,0,0,0,rings
DBSCAN,внутрішня точка,0.01,3,1.0,0,0,0,0,rings
DBSCAN,внутрішня точка,0.01,4,1.0,0,0,0,0,rings
DBSCAN,внутрішня точка,0.05,0,1.0,0,0,0,0,rings
DBSCAN,внутрішня точка,0.05,1,1.0,0,0,0,0,rings
DBSCAN,внутрішня точка,0.05,2,1.0,0,0,0,0,rings
DBSCAN,внутрішня точка,0.05,3,1.0,0,0,0,0,rings
DBSCAN,внутрішня точка,0.05,4,1.0,0,0,0,0,rings
DBSCAN,внутрішня точка,0.1,0,1.0,0,0,0,0,rings
DBSCAN,внутрішня точка,0.1,1,1.0,0,0,0,0,rings
DBSCAN,внутрішня точка,0.1,2,1.0,0,0,0,0,rings
DBSCAN,внутрішня точка,0.1,3,1.0,0,0,0,0,rings
DBSCAN,внутрішня точка,0.1,4,1.0,0,0,0,0,rings
DBSCAN,внутрішня точка,0.25,0,1.0,0,0,0,0,rings
DBSCAN,внутрішня точка,0.25,1,1.0,0,0,0,0,rings
DBSCAN,внутрішня точка,0.25,2,1.0,0,0,0,0,rings
DBSCAN,внутрішня точка,0.25,3,1.0,0,0,0,0,rings
DBSCAN,внутрішня точка,0.25,4,1.0,0,0,0,0,rings
DBSCAN,внутрішня точка,0.5,0,1.0,0,0,0,0,rings
DBSCAN,внутрішня точка,0.5,1,1.0,0,0,0,0,rings
DBSCAN,внутрішня точка,0.5,2,1.0,0,0,0,0,rings
DBSCAN,внутрішня точка,0.5,3,1.0,0,0,0,0,rings
DBSCAN,внутрішня точка,0.5,4,1.0,0,0,0,0,rings
DBSCAN,внутрішня точка,1.0,0,1.0,0,0,0,0,rings
DBSCAN,внутрішня точка,1.0,1,1.0,0,0,0,0,rings
DBSCAN,внутрішня точка,1.0,2,1.0,0,0,0,0,rings
DBSCAN,внутрішня точка,1.0,3,1.0,0,0,0,0,rings
DBSCAN,внутрішня точка,1.0,4,1.0,0,0,0,0,rings
DBSCAN,внутрішня точка,2.0,0,0.9987718605681425,1,1,0,0,rings
DBSCAN,внутрішня точка,2.0,1,0.9987718605681425,1,1,0,0,rings
DBSCAN,внутрішня точка,2.0,2,0.9987718605681425,1,1,0,0,rings
DBSCAN,внутрішня точка,2.0,3,0.9987718605681425,1,1,0,0,rings
DBSCAN,внутрішня точка,2.0,4,0.9987718605681425,1,1,0,0,rings
DBSCAN,межова точка,0.01,0,1.0,0,0,0,0,rings
DBSCAN,межова точка,0.01,1,1.0,0,0,0,0,rings
DBSCAN,межова точка,0.01,2,1.0,0,0,0,0,rings
DBSCAN,межова точка,0.01,3,1.0,0,0,0,0,rings
DBSCAN,межова точка,0.01,4,1.0,0,0,0,0,rings
DBSCAN,межова точка,0.05,0,1.0,0,0,0,0,rings
DBSCAN,межова точка,0.05,1,1.0,0,0,0,0,rings
DBSCAN,межова точка,0.05,2,1.0,0,0,0,0,rings
DBSCAN,межова точка,0.05,3,1.0,0,0,0,0,rings
DBSCAN,межова точка,0.05,4,1.0,0,0,0,0,rings
DBSCAN,межова точка,0.1,0,1.0,0,0,0,0,rings
DBSCAN,межова точка,0.1,1,1.0,0,0,0,0,rings
DBSCAN,межова точка,0.1,2,1.0,0,0,0,0,rings
DBSCAN,межова точка,0.1,3,1.0,0,0,0,0,rings
DBSCAN,межова точка,0.1,4,1.0,0,0,0,0,rings
DBSCAN,межова точка,0.25,0,1.0,0,0,0,0,rings
DBSCAN,межова точка,0.25,1,1.0,0,0,0,0,rings
DBSCAN,межова точка,0.25,2,1.0,0,0,0,0,rings
DBSCAN,межова точка,0.25,3,1.0,0,0,0,0,rings
DBSCAN,межова точка,0.25,4,1.0,0,0,0,0,rings
DBSCAN,межова точка,0.5,0,0.9987718605681425,1,1,0,0,rings
DBSCAN,межова точка,0.5,1,1.0,0,0,0,0,rings
DBSCAN,межова точка,0.5,2,1.0,0,0,0,0,rings
DBSCAN,межова точка,0.5,3,1.0,0,0,0,0,rings
DBSCAN,межова точка,0.5,4,1.0,0,0,0,0,rings
DBSCAN,межова точка,1.0,0,1.0,0,0,0,0,rings
DBSCAN,межова точка,1.0,1,1.0,0,0,0,0,rings
DBSCAN,межова точка,1.0,2,1.0,0,0,0,0,rings
DBSCAN,межова точка,1.0,3,0.9987718605681425,1,1,0,0,rings
DBSCAN,межова точка,1.0,4,1.0,0,0,0,0,rings
DBSCAN,межова точка,2.0,0,0.9987718605681425,1,1,0,0,rings
DBSCAN,межова точка,2.0,1,0.9968200327912227,1,1,0,0,rings
DBSCAN,межова точка,2.0,2,0.9987718605681425,1,1,0,0,rings
DBSCAN,межова точка,2.0,3,0.9968200327912227,1,1,0,0,rings
DBSCAN,межова точка,2.0,4,0.9968200327912227,1,1,0,0,rings
DBSCAN,1% точок,0.01,0,1.0,0,0,0,0,rings
DBSCAN,1% точок,0.01,1,1.0,0,0,0,0,rings
DBSCAN,1% точок,0.01,2,1.0,0,0,0,0,rings
DBSCAN,1% точок,0.01,3,1.0,0,0,0,0,rings
DBSCAN,1% точок,0.01,4,1.0,0,0,0,0,rings
DBSCAN,1% точок,0.05,0,1.0,0,0,0,0,rings
DBSCAN,1% точок,0.05,1,1.0,0,0,0,0,rings
DBSCAN,1% точок,0.05,2,1.0,0,0,0,0,rings
DBSCAN,1% точок,0.05,3,1.0,0,0,0,0,rings
DBSCAN,1% точок,0.05,4,0.9997927209291819,1,0,1,0,rings
DBSCAN,1% точок,0.1,0,1.0,0,0,0,0,rings
DBSCAN,1% точок,0.1,1,1.0,0,0,0,0,rings
DBSCAN,1% точок,0.1,2,1.0,0,0,0,0,rings
DBSCAN,1% точок,0.1,3,1.0,0,0,0,0,rings
DBSCAN,1% точок,0.1,4,1.0,0,0,0,0,rings
DBSCAN,1% точок,0.25,0,0.7819757207977577,138,2,136,1,rings
DBSCAN,1% точок,0.25,1,1.0,0,0,0,0,rings
DBSCAN,1% точок,0.25,2,1.0,0,0,0,0,rings
DBSCAN,1% точок,0.25,3,1.0,0,0,0,0,rings
DBSCAN,1% точок,0.25,4,0.8080229402617398,103,2,101,1,rings
DBSCAN,1% точок,0.5,0,1.0,0,0,0,0,rings
DBSCAN,1% точок,0.5,1,0.9967361861329003,2,2,0,0,rings
DBSCAN,1% точок,0.5,2,0.8585285500194286,66,3,63,1,rings
DBSCAN,1% точок,0.5,3,1.0,0,0,0,0,rings
DBSCAN,1% точок,0.5,4,1.0,0,0,0,0,rings
DBSCAN,1% точок,1.0,0,0.98815289187473,5,5,0,0,rings
DBSCAN,1% точок,1.0,1,0.9971754904209279,2,2,0,0,rings
DBSCAN,1% точок,1.0,2,0.9922318469716476,6,2,4,1,rings
DBSCAN,1% точок,1.0,3,0.9945699426608513,3,3,0,0,rings
DBSCAN,1% точок,1.0,4,0.9927449598117735,3,3,0,0,rings
DBSCAN,1% точок,2.0,0,0.9786224960146649,7,7,0,0,rings
DBSCAN,1% точок,2.0,1,0.9909501606108804,4,4,0,0,rings
DBSCAN,1% точок,2.0,2,0.9866657757372758,5,5,0,0,rings
DBSCAN,1% точок,2.0,3,0.9878076957297972,5,5,0,0,rings
DBSCAN,1% точок,2.0,4,0.9874119557748134,6,6,0,0,rings
DBSCAN,5% точок,0.01,0,1.0,0,0,0,0,rings
DBSCAN,5% точок,0.01,1,1.0,0,0,0,0,rings
DBSCAN,5% точок,0.01,2,1.0,0,0,0,0,rings
DBSCAN,5% точок,0.01,3,1.0,0,0,0,0,rings
DBSCAN,5% точок,0.01,4,1.0,0,0,0,0,rings
DBSCAN,5% точок,0.05,0,1.0,0,0,0,0,rings
DBSCAN,5% точок,0.05,1,1.0,0,0,0,0,rings
DBSCAN,5% точок,0.05,2,0.8090850148257686,102,7,95,1,rings
DBSCAN,5% точок,0.05,3,0.6956698593290108,207,13,194,1,rings
DBSCAN,5% точок,0.05,4,1.0,0,0,0,0,rings
DBSCAN,5% точок,0.1,0,0.8090850148257686,102,5,97,1,rings
DBSCAN,5% точок,0.1,1,0.8929710678305545,47,5,42,1,rings
DBSCAN,5% точок,0.1,2,0.8088743345370321,103,7,96,1,rings
DBSCAN,5% точок,0.1,3,0.9433583723972077,32,0,32,1,rings
DBSCAN,5% точок,0.1,4,1.0,0,0,0,0,rings
DBSCAN,5% точок,0.25,0,0.8925695366595073,49,3,46,1,rings
DBSCAN,5% точок,0.25,1,0.6706127057005224,182,7,175,1,rings
DBSCAN,5% точок,0.25,2,0.8297554124451868,85,5,80,1,rings
DBSCAN,5% точок,0.25,3,0.8090850148257686,102,10,92,1,rings
DBSCAN,5% точок,0.25,4,0.7016338589661842,187,18,169,1,rings
DBSCAN,5% точок,0.5,0,0.7785545889201476,139,10,129,1,rings
DBSCAN,5% точок,0.5,1,0.9419434358052331,23,3,20,1,rings
DBSCAN,5% точок,0.5,2,0.8874969880971776,50,4,46,1,rings
DBSCAN,5% точок,0.5,3,0.6980185281664633,155,8,147,1,rings
DBSCAN,5% точок,0.5,4,0.8271856625146138,92,4,88,1,rings
DBSCAN,5% точок,1.0,0,0.7816729822911146,120,20,100,1,rings
DBSCAN,5% точок,1.0,1,0.9736330471157745,16,12,4,0,rings
DBSCAN,5% точок,1.0,2,0.807961602364254,100,15,85,1,rings
DBSCAN,5% точок,1.0,3,0.9860896137527924,11,7,4,0,rings
DBSCAN,5% точок,1.0,4,0.794618974357844,115,10,105,1,rings
DBSCAN,5% точок,2.0,0,0.9127646545256897,32,27,5,0,rings
DBSCAN,5% точок,2.0,1,0.9248497599825672,29,25,4,0,rings
DBSCAN,5% точок,2.0,2,0.9295613077012632,27,22,5,0,rings
DBSCAN,5% точок,2.0,3,0.9215871459188033,30,25,5,0,rings
DBSCAN,5% точок,2.0,4,0.3604629768906496,289,30,259,1,rings
DBSCAN,10% точок,0.01,0,1.0,0,0,0,0,rings
DBSCAN,10% точок,0.01,1,1.0,0,0,0,0,rings
DBSCAN,10% точок,0.01,2,0.8090850148257686,102,11,91,1,rings
DBSCAN,10% точок,0.01,3,1.0,0,0,0,0,rings
DBSCAN,10% точок,0.01,4,0.8090850148257686,102,7,95,1,rings
DBSCAN,10% точок,0.05,0,1.0,0,0,0,0,rings
DBSCAN,10% точок,0.05,1,1.0,0,0,0,0,rings
DBSCAN,10% точок,0.05,2,1.0,0,0,0,0,rings
DBSCAN,10% точок,0.05,3,1.0,0,0,0,0,rings
DBSCAN,10% точок,0.05,4,1.0,0,0,0,0,rings
DBSCAN,10% точок,0.1,0,0.7374672890249465,146,10,136,1,rings
DBSCAN,10% точок,0.1,1,0.9431499806050923,33,4,29,1,rings
DBSCAN,10% точок,0.1,2,0.7081016925366559,178,24,154,1,rings
DBSCAN,10% точок,0.1,3,0.999760826856508,4,1,3,1,rings
DBSCAN,10% точок,0.1,4,0.6711606015123237,178,18,160,1,rings
DBSCAN,10% точок,0.25,0,0.7843932288155141,106,11,95,1,rings
DBSCAN,10% точок,0.25,1,0.7443752775668298,134,18,116,1,rings
DBSCAN,10% точок,0.25,2,0.7871820142714474,101,13,88,1,rings
DBSCAN,10% точок,0.25,3,0.7739528055190312,150,16,134,1,rings
DBSCAN,10% точок,0.25,4,0.828999061016233,89,6,83,1,rings
DBSCAN,10% точок,0.5,0,0.8054527282013596,107,7,100,1,rings
DBSCAN,10% точок,0.5,1,0.9892053729225048,10,7,3,0,rings
DBSCAN,10% точок,0.5,2,0.7348477041781601,149,22,127,1,rings
DBSCAN,10% точок,0.5,3,0.8008235874523165,108,12,96,1,rings
DBSCAN,10% точок,0.5,4,0.9992665815520525,4,3,1,0,rings
DBSCAN,10% точок,1.0,0,0.9126176512173513,36,12,24,1,rings
DBSCAN,10% точок,1.0,1,0.9148636751983957,36,13,23,1,rings
DBSCAN,10% точок,1.0,2,0.9088855295090642,38,18,20,1,rings
DBSCAN,10% точок,1.0,3,0.652079637244527,185,21,164,1,rings
DBSCAN,10% точок,1.0,4,-0.0029302545868037776,431,46,385,1,rings
DBSCAN,10% точок,2.0,0,-0.006352154646951413,436,58,378,1,rings
DBSCAN,10% точок,2.0,1,0.5764758099391553,207,42,165,1,rings
DBSCAN,10% точок,2.0,2,-0.0034782947420474775,437,56,381,1,rings
DBSCAN,10% точок,2.0,3,-0.0038727181703870446,436,55,381,1,rings
DBSCAN,10% точок,2.0,4,0.5995886963378968,202,39,163,1,rings
Agglomerative(Ward),внутрішня точка,0.01,0,1.0,0,0,0,0,rings
Agglomerative(Ward),внутрішня точка,0.01,1,1.0,0,0,0,0,rings
Agglomerative(Ward),внутрішня точка,0.01,2,1.0,0,0,0,0,rings
Agglomerative(Ward),внутрішня точка,0.01,3,1.0,0,0,0,0,rings
Agglomerative(Ward),внутрішня точка,0.01,4,1.0,0,0,0,0,rings
Agglomerative(Ward),внутрішня точка,0.05,0,1.0,0,0,0,0,rings
Agglomerative(Ward),внутрішня точка,0.05,1,1.0,0,0,0,0,rings
Agglomerative(Ward),внутрішня точка,0.05,2,1.0,0,0,0,0,rings
Agglomerative(Ward),внутрішня точка,0.05,3,1.0,0,0,0,0,rings
Agglomerative(Ward),внутрішня точка,0.05,4,1.0,0,0,0,0,rings
Agglomerative(Ward),внутрішня точка,0.1,0,1.0,0,0,0,0,rings
Agglomerative(Ward),внутрішня точка,0.1,1,1.0,0,0,0,0,rings
Agglomerative(Ward),внутрішня точка,0.1,2,1.0,0,0,0,0,rings
Agglomerative(Ward),внутрішня точка,0.1,3,1.0,0,0,0,0,rings
Agglomerative(Ward),внутрішня точка,0.1,4,1.0,0,0,0,0,rings
Agglomerative(Ward),внутрішня точка,0.25,0,1.0,0,0,0,0,rings
Agglomerative(Ward),внутрішня точка,0.25,1,1.0,0,0,0,0,rings
Agglomerative(Ward),внутрішня точка,0.25,2,1.0,0,0,0,0,rings
Agglomerative(Ward),внутрішня точка,0.25,3,1.0,0,0,0,0,rings
Agglomerative(Ward),внутрішня точка,0.25,4,1.0,0,0,0,0,rings
Agglomerative(Ward),внутрішня точка,0.5,0,1.0,0,0,0,0,rings
Agglomerative(Ward),внутрішня точка,0.5,1,1.0,0,0,0,0,rings
Agglomerative(Ward),внутрішня точка,0.5,2,1.0,0,0,0,0,rings
Agglomerative(Ward),внутрішня точка,0.5,3,1.0,0,0,0,0,rings
Agglomerative(Ward),внутрішня точка,0.5,4,1.0,0,0,0,0,rings
Agglomerative(Ward),внутрішня точка,1.0,0,1.0,0,0,0,0,rings
Agglomerative(Ward),внутрішня точка,1.0,1,1.0,0,0,0,0,rings
Agglomerative(Ward),внутрішня точка,1.0,2,1.0,0,0,0,0,rings
Agglomerative(Ward),внутрішня точка,1.0,3,1.0,0,0,0,0,rings
Agglomerative(Ward),внутрішня точка,1.0,4,1.0,0,0,0,0,rings
Agglomerative(Ward),внутрішня точка,2.0,0,0.9957979959849577,1,1,0,0,rings
Agglomerative(Ward),внутрішня точка,2.0,1,0.9957979959849577,1,1,0,0,rings
Agglomerative(Ward),внутрішня точка,2.0,2,1.0,0,0,0,0,rings
Agglomerative(Ward),внутрішня точка,2.0,3,0.9957979959849577,1,1,0,0,rings
Agglomerative(Ward),внутрішня точка,2.0,4,0.9956405754786727,1,1,0,0,rings
Agglomerative(Ward),межова точка,0.01,0,1.0,0,0,0,0,rings
Agglomerative(Ward),межова точка,0.01,1,1.0,0,0,0,0,rings
Agglomerative(Ward),межова точка,0.01,2,1.0,0,0,0,0,rings
Agglomerative(Ward),межова точка,0.01,3,1.0,0,0,0,0,rings
Agglomerative(Ward),межова точка,0.01,4,1.0,0,0,0,0,rings
Agglomerative(Ward),межова точка,0.05,0,1.0,0,0,0,0,rings
Agglomerative(Ward),межова точка,0.05,1,1.0,0,0,0,0,rings
Agglomerative(Ward),межова точка,0.05,2,1.0,0,0,0,0,rings
Agglomerative(Ward),межова точка,0.05,3,1.0,0,0,0,0,rings
Agglomerative(Ward),межова точка,0.05,4,1.0,0,0,0,0,rings
Agglomerative(Ward),межова точка,0.1,0,1.0,0,0,0,0,rings
Agglomerative(Ward),межова точка,0.1,1,1.0,0,0,0,0,rings
Agglomerative(Ward),межова точка,0.1,2,1.0,0,0,0,0,rings
Agglomerative(Ward),межова точка,0.1,3,1.0,0,0,0,0,rings
Agglomerative(Ward),межова точка,0.1,4,1.0,0,0,0,0,rings
Agglomerative(Ward),межова точка,0.25,0,1.0,0,0,0,0,rings
Agglomerative(Ward),межова точка,0.25,1,1.0,0,0,0,0,rings
Agglomerative(Ward),межова точка,0.25,2,1.0,0,0,0,0,rings
Agglomerative(Ward),межова точка,0.25,3,1.0,0,0,0,0,rings
Agglomerative(Ward),межова точка,0.25,4,1.0,0,0,0,0,rings
Agglomerative(Ward),межова точка,0.5,0,1.0,0,0,0,0,rings
Agglomerative(Ward),межова точка,0.5,1,1.0,0,0,0,0,rings
Agglomerative(Ward),межова точка,0.5,2,1.0,0,0,0,0,rings
Agglomerative(Ward),межова точка,0.5,3,1.0,0,0,0,0,rings
Agglomerative(Ward),межова точка,0.5,4,1.0,0,0,0,0,rings
Agglomerative(Ward),межова точка,1.0,0,1.0,0,0,0,0,rings
Agglomerative(Ward),межова точка,1.0,1,1.0,0,0,0,0,rings
Agglomerative(Ward),межова точка,1.0,2,1.0,0,0,0,0,rings
Agglomerative(Ward),межова точка,1.0,3,0.9956405754786727,1,1,0,0,rings
Agglomerative(Ward),межова точка,1.0,4,1.0,0,0,0,0,rings
Agglomerative(Ward),межова точка,2.0,0,1.0,0,0,0,0,rings
Agglomerative(Ward),межова точка,2.0,1,0.9957979959849577,1,1,0,0,rings
Agglomerative(Ward),межова точка,2.0,2,0.9956405754786727,1,1,0,0,rings
Agglomerative(Ward),межова точка,2.0,3,0.9957979959849577,1,1,0,0,rings
Agglomerative(Ward),межова точка,2.0,4,0.9956405754786727,1,1,0,0,rings
Agglomerative(Ward),1% точок,0.01,0,1.0,0,0,0,0,rings
Agglomerative(Ward),1% точок,0.01,1,0.46947017942896446,170,2,168,0,rings
Agglomerative(Ward),1% точок,0.01,2,1.0,0,0,0,0,rings
Agglomerative(Ward),1% точок,0.01,3,1.0,0,0,0,0,rings
Agglomerative(Ward),1% точок,0.01,4,1.0,0,0,0,0,rings
Agglomerative(Ward),1% точок,0.05,0,1.0,0,0,0,0,rings
Agglomerative(Ward),1% точок,0.05,1,1.0,0,0,0,0,rings
Agglomerative(Ward),1% точок,0.05,2,0.2612730784990729,372,4,368,0,rings
Agglomerative(Ward),1% точок,0.05,3,1.0,0,0,0,0,rings
Agglomerative(Ward),1% точок,0.05,4,0.3963405597709066,232,3,229,0,rings
Agglomerative(Ward),1% точок,0.1,0,1.0,0,0,0,0,rings
Agglomerative(Ward),1% точок,0.1,1,1.0,0,0,0,0,rings
Agglomerative(Ward),1% точок,0.1,2,0.46947017942896446,170,4,166,0,rings
Agglomerative(Ward),1% точок,0.1,3,1.0,0,0,0,0,rings
Agglomerative(Ward),1% точок,0.1,4,1.0,0,0,0,0,rings
Agglomerative(Ward),1% точок,0.25,0,0.09009329185867092,358,1,357,0,rings
Agglomerative(Ward),1% точок,0.25,1,1.0,0,0,0,0,rings
Agglomerative(Ward),1% точок,0.25,2,0.14962760395091013,318,2,316,0,rings
Agglomerative(Ward),1% точок,0.25,3,0.21661699550104466,258,3,255,0,rings
Agglomerative(Ward),1% точок,0.25,4,1.0,0,0,0,0,rings
Agglomerative(Ward),1% точок,0.5,0,0.1937595775757261,268,2,266,0,rings
Agglomerative(Ward),1% точок,0.5,1,1.0,0,0,0,0,rings
Agglomerative(Ward),1% точок,0.5,2,0.46441998039536064,173,1,172,0,rings
Agglomerative(Ward),1% точок,0.5,3,0.9365581133855232,15,0,15,0,rings
Agglomerative(Ward),1% точок,0.5,4,0.06427643177123672,361,3,358,0,rings
Agglomerative(Ward),1% точок,1.0,0,0.46947017942896446,170,1,169,0,rings
Agglomerative(Ward),1% точок,1.0,1,0.2954179708893959,310,0,310,0,rings
Agglomerative(Ward),1% точок,1.0,2,0.4202349049984292,214,1,213,0,rings
Agglomerative(Ward),1% точок,1.0,3,0.05804554851067734,385,5,380,0,rings
Agglomerative(Ward),1% точок,1.0,4,0.39711924064746196,267,1,266,0,rings
Agglomerative(Ward),1% точок,2.0,0,0.461391434117987,172,4,168,0,rings
Agglomerative(Ward),1% точок,2.0,1,0.3689565340597571,291,4,287,0,rings
Agglomerative(Ward),1% точок,2.0,2,0.2924886609667039,311,2,309,0,rings
Agglomerative(Ward),1% точок,2.0,3,0.09101267693090234,358,4,354,0,rings
Agglomerative(Ward),1% точок,2.0,4,0.9886357042567337,3,3,0,0,rings
Agglomerative(Ward),5% точок,0.01,0,1.0,0,0,0,0,rings
Agglomerative(Ward),5% точок,0.01,1,1.0,0,0,0,0,rings
Agglomerative(Ward),5% точок,0.01,2,0.46947017942896446,170,10,160,0,rings
Agglomerative(Ward),5% точок,0.01,3,1.0,0,0,0,0,rings
Agglomerative(Ward),5% точок,0.01,4,0.46947017942896446,170,9,161,0,rings
Agglomerative(Ward),5% точок,0.05,0,0.2539543046833699,352,17,335,0,rings
Agglomerative(Ward),5% точок,0.05,1,0.3304406780865483,287,13,274,0,rings
Agglomerative(Ward),5% точок,0.05,2,0.46947017942896446,170,6,164,0,rings
Agglomerative(Ward),5% точок,0.05,3,0.6014294585326586,113,3,110,0,rings
Agglomerative(Ward),5% точок,0.05,4,0.466566997277357,171,5,166,0,rings
Agglomerative(Ward),5% точок,0.1,0,0.48314385761292,175,8,167,0,rings
Agglomerative(Ward),5% точок,0.1,1,0.2710726921345516,347,12,335,0,rings
Agglomerative(Ward),5% точок,0.1,2,0.9958011877019458,1,0,1,0,rings
Agglomerative(Ward),5% точок,0.1,3,0.33058047033794685,288,17,271,0,rings
Agglomerative(Ward),5% точок,0.1,4,0.25789034845123904,373,16,357,0,rings
Agglomerative(Ward),5% точок,0.25,0,0.2700628073957758,270,14,256,0,rings
Agglomerative(Ward),5% точок,0.25,1,0.466566997277357,171,10,161,0,rings
Agglomerative(Ward),5% точок,0.25,2,0.2776376607097602,262,13,249,0,rings
Agglomerative(Ward),5% точок,0.25,3,0.14675142077608896,295,11,284,0,rings
Agglomerative(Ward),5% точок,0.25,4,0.24493151083539283,246,12,234,0,rings
Agglomerative(Ward),5% точок,0.5,0,0.145994882642347,297,18,279,0,rings
Agglomerative(Ward),5% точок,0.5,1,0.6014294585326586,113,8,105,0,rings
Agglomerative(Ward),5% точок,0.5,2,0.20204519919748917,264,15,249,0,rings
Agglomerative(Ward),5% точок,0.5,3,0.8334828116188688,44,5,39,0,rings
Agglomerative(Ward),5% точок,0.5,4,0.14752559122028835,312,17,295,0,rings
Agglomerative(Ward),5% точок,1.0,0,0.1159398420341844,364,12,352,0,rings
Agglomerative(Ward),5% точок,1.0,1,0.057352840557078066,385,23,362,0,rings
Agglomerative(Ward),5% точок,1.0,2,0.2786480442490686,322,18,304,0,rings
Agglomerative(Ward),5% точок,1.0,3,0.4411359969968878,213,12,201,0,rings
Agglomerative(Ward),5% точок,1.0,4,0.34913968274741597,244,10,234,0,rings
Agglomerative(Ward),5% точок,2.0,0,0.9191630621730468,20,6,14,0,rings
Agglomerative(Ward),5% точок,2.0,1,0.4525604392507694,224,19,205,0,rings
Agglomerative(Ward),5% точок,2.0,2,0.23453953780306075,251,16,235,0,rings
Agglomerative(Ward),5% точок,2.0,3,0.2992004943257709,278,19,259,0,rings
Agglomerative(Ward),5% точок,2.0,4,0.2705243601593605,263,10,253,0,rings
Agglomerative(Ward),10% точок,0.01,0,0.46947017942896446,170,15,155,0,rings
Agglomerative(Ward),10% точок,0.01,1,1.0,0,0,0,0,rings
Agglomerative(Ward),10% точок,0.01,2,1.0,0,0,0,0,rings
Agglomerative(Ward),10% точок,0.01,3,0.07332135606947081,346,34,312,0,rings
Agglomerative(Ward),10% точок,0.01,4,0.46947017942896446,170,18,152,0,rings
Agglomerative(Ward),10% точок,0.05,0,0.14496812844783902,313,33,280,0,rings
Agglomerative(Ward),10% точок,0.05,1,0.5668199307135057,122,13,109,0,rings
Agglomerative(Ward),10% точок,0.05,2,0.5828603255348445,116,13,103,0,rings
Agglomerative(Ward),10% точок,0.05,3,0.24998987446970053,372,37,335,0,rings
Agglomerative(Ward),10% точок,0.05,4,0.05505554923102679,373,35,338,0,rings
Agglomerative(Ward),10% точок,0.1,0,0.42508543625657325,236,18,218,0,rings
Agglomerative(Ward),10% точок,0.1,1,0.466566997277357,171,15,156,0,rings
Agglomerative(Ward),10% точок,0.1,2,0.34973711146121,303,35,268,0,rings
Agglomerative(Ward),10% точок,0.1,3,0.466566997277357,171,14,157,0,rings
Agglomerative(Ward),10% точок,0.1,4,0.0195090478161704,439,41,398,0,rings
Agglomerative(Ward),10% точок,0.25,0,0.31437214815725345,263,26,237,0,rings
Agglomerative(Ward),10% точок,0.25,1,0.15278996795128708,308,27,281,0,rings
Agglomerative(Ward),10% точок,0.25,2,0.633875737042192,99,7,92,0,rings
Agglomerative(Ward),10% точок,0.25,3,0.9119220449047765,23,5,18,0,rings
Agglomerative(Ward),10% точок,0.25,4,0.44987916468146216,211,29,182,0,rings
Agglomerative(Ward),10% точок,0.5,0,0.8546854849867337,36,4,32,0,rings
Agglomerative(Ward),10% точок,0.5,1,0.45395873292013167,197,22,175,0,rings
Agglomerative(Ward),10% точок,0.5,2,0.1896620359808815,270,30,240,0,rings
Agglomerative(Ward),10% точок,0.5,3,0.7183207491578795,84,6,78,0,rings
Agglomerative(Ward),10% точок,0.5,4,0.27066219287107907,349,40,309,0,rings
Agglomerative(Ward),10% точок,1.0,0,0.6688093465762096,109,12,97,0,rings
Agglomerative(Ward),10% точок,1.0,1,0.17581423939589005,291,29,262,0,rings
Agglomerative(Ward),10% точок,1.0,2,0.07884176923430371,367,45,322,0,rings
Agglomerative(Ward),10% точок,1.0,3,0.31239095794184646,257,17,240,0,rings
Agglomerative(Ward),10% точок,1.0,4,0.32811693690763993,220,21,199,0,rings
Agglomerative(Ward),10% точок,2.0,0,0.2532029003780427,270,24,246,0,rings
Agglomerative(Ward),10% точок,2.0,1,0.05516533707122036,364,36,328,0,rings
Agglomerative(Ward),10% точок,2.0,2,0.2783773532124209,291,29,262,0,rings
Agglomerative(Ward),10% точок,2.0,3,0.18578862724061704,284,27,257,0,rings
Agglomerative(Ward),10% точок,2.0,4,0.07653963674776475,373,35,338,0,rings
DBSCAN(фікс. eps),внутрішня точка,0.01,0,1.0,0,0,0,0,rings
DBSCAN(фікс. eps),внутрішня точка,0.01,1,1.0,0,0,0,0,rings
DBSCAN(фікс. eps),внутрішня точка,0.01,2,1.0,0,0,0,0,rings
DBSCAN(фікс. eps),внутрішня точка,0.01,3,1.0,0,0,0,0,rings
DBSCAN(фікс. eps),внутрішня точка,0.01,4,1.0,0,0,0,0,rings
DBSCAN(фікс. eps),внутрішня точка,0.05,0,1.0,0,0,0,0,rings
DBSCAN(фікс. eps),внутрішня точка,0.05,1,1.0,0,0,0,0,rings
DBSCAN(фікс. eps),внутрішня точка,0.05,2,1.0,0,0,0,0,rings
DBSCAN(фікс. eps),внутрішня точка,0.05,3,1.0,0,0,0,0,rings
DBSCAN(фікс. eps),внутрішня точка,0.05,4,1.0,0,0,0,0,rings
DBSCAN(фікс. eps),внутрішня точка,0.1,0,1.0,0,0,0,0,rings
DBSCAN(фікс. eps),внутрішня точка,0.1,1,1.0,0,0,0,0,rings
DBSCAN(фікс. eps),внутрішня точка,0.1,2,1.0,0,0,0,0,rings
DBSCAN(фікс. eps),внутрішня точка,0.1,3,1.0,0,0,0,0,rings
DBSCAN(фікс. eps),внутрішня точка,0.1,4,1.0,0,0,0,0,rings
DBSCAN(фікс. eps),внутрішня точка,0.25,0,1.0,0,0,0,0,rings
DBSCAN(фікс. eps),внутрішня точка,0.25,1,1.0,0,0,0,0,rings
DBSCAN(фікс. eps),внутрішня точка,0.25,2,1.0,0,0,0,0,rings
DBSCAN(фікс. eps),внутрішня точка,0.25,3,1.0,0,0,0,0,rings
DBSCAN(фікс. eps),внутрішня точка,0.25,4,1.0,0,0,0,0,rings
DBSCAN(фікс. eps),внутрішня точка,0.5,0,1.0,0,0,0,0,rings
DBSCAN(фікс. eps),внутрішня точка,0.5,1,1.0,0,0,0,0,rings
DBSCAN(фікс. eps),внутрішня точка,0.5,2,1.0,0,0,0,0,rings
DBSCAN(фікс. eps),внутрішня точка,0.5,3,1.0,0,0,0,0,rings
DBSCAN(фікс. eps),внутрішня точка,0.5,4,1.0,0,0,0,0,rings
DBSCAN(фікс. eps),внутрішня точка,1.0,0,1.0,0,0,0,0,rings
DBSCAN(фікс. eps),внутрішня точка,1.0,1,1.0,0,0,0,0,rings
DBSCAN(фікс. eps),внутрішня точка,1.0,2,1.0,0,0,0,0,rings
DBSCAN(фікс. eps),внутрішня точка,1.0,3,1.0,0,0,0,0,rings
DBSCAN(фікс. eps),внутрішня точка,1.0,4,1.0,0,0,0,0,rings
DBSCAN(фікс. eps),внутрішня точка,2.0,0,0.9987718605681425,1,1,0,0,rings
DBSCAN(фікс. eps),внутрішня точка,2.0,1,0.9987718605681425,1,1,0,0,rings
DBSCAN(фікс. eps),внутрішня точка,2.0,2,0.9987718605681425,1,1,0,0,rings
DBSCAN(фікс. eps),внутрішня точка,2.0,3,0.9987718605681425,1,1,0,0,rings
DBSCAN(фікс. eps),внутрішня точка,2.0,4,0.9987718605681425,1,1,0,0,rings
DBSCAN(фікс. eps),межова точка,0.01,0,1.0,0,0,0,0,rings
DBSCAN(фікс. eps),межова точка,0.01,1,1.0,0,0,0,0,rings
DBSCAN(фікс. eps),межова точка,0.01,2,1.0,0,0,0,0,rings
DBSCAN(фікс. eps),межова точка,0.01,3,1.0,0,0,0,0,rings
DBSCAN(фікс. eps),межова точка,0.01,4,1.0,0,0,0,0,rings
DBSCAN(фікс. eps),межова точка,0.05,0,1.0,0,0,0,0,rings
DBSCAN(фікс. eps),межова точка,0.05,1,1.0,0,0,0,0,rings
DBSCAN(фікс. eps),межова точка,0.05,2,1.0,0,0,0,0,rings
DBSCAN(фікс. eps),межова точка,0.05,3,1.0,0,0,0,0,rings
DBSCAN(фікс. eps),межова точка,0.05,4,1.0,0,0,0,0,rings
DBSCAN(фікс. eps),межова точка,0.1,0,1.0,0,0,0,0,rings
DBSCAN(фікс. eps),межова точка,0.1,1,1.0,0,0,0,0,rings
DBSCAN(фікс. eps),межова точка,0.1,2,1.0,0,0,0,0,rings
DBSCAN(фікс. eps),межова точка,0.1,3,1.0,0,0,0,0,rings
DBSCAN(фікс. eps),межова точка,0.1,4,1.0,0,0,0,0,rings
DBSCAN(фікс. eps),межова точка,0.25,0,1.0,0,0,0,0,rings
DBSCAN(фікс. eps),межова точка,0.25,1,1.0,0,0,0,0,rings
DBSCAN(фікс. eps),межова точка,0.25,2,1.0,0,0,0,0,rings
DBSCAN(фікс. eps),межова точка,0.25,3,1.0,0,0,0,0,rings
DBSCAN(фікс. eps),межова точка,0.25,4,1.0,0,0,0,0,rings
DBSCAN(фікс. eps),межова точка,0.5,0,0.9987718605681425,1,1,0,0,rings
DBSCAN(фікс. eps),межова точка,0.5,1,1.0,0,0,0,0,rings
DBSCAN(фікс. eps),межова точка,0.5,2,1.0,0,0,0,0,rings
DBSCAN(фікс. eps),межова точка,0.5,3,1.0,0,0,0,0,rings
DBSCAN(фікс. eps),межова точка,0.5,4,1.0,0,0,0,0,rings
DBSCAN(фікс. eps),межова точка,1.0,0,1.0,0,0,0,0,rings
DBSCAN(фікс. eps),межова точка,1.0,1,1.0,0,0,0,0,rings
DBSCAN(фікс. eps),межова точка,1.0,2,1.0,0,0,0,0,rings
DBSCAN(фікс. eps),межова точка,1.0,3,0.9987718605681425,1,1,0,0,rings
DBSCAN(фікс. eps),межова точка,1.0,4,1.0,0,0,0,0,rings
DBSCAN(фікс. eps),межова точка,2.0,0,0.9987718605681425,1,1,0,0,rings
DBSCAN(фікс. eps),межова точка,2.0,1,0.9968200327912227,1,1,0,0,rings
DBSCAN(фікс. eps),межова точка,2.0,2,0.9987718605681425,1,1,0,0,rings
DBSCAN(фікс. eps),межова точка,2.0,3,0.9968200327912227,1,1,0,0,rings
DBSCAN(фікс. eps),межова точка,2.0,4,0.9968200327912227,1,1,0,0,rings
DBSCAN(фікс. eps),1% точок,0.01,0,1.0,0,0,0,0,rings
DBSCAN(фікс. eps),1% точок,0.01,1,1.0,0,0,0,0,rings
DBSCAN(фікс. eps),1% точок,0.01,2,1.0,0,0,0,0,rings
DBSCAN(фікс. eps),1% точок,0.01,3,1.0,0,0,0,0,rings
DBSCAN(фікс. eps),1% точок,0.01,4,1.0,0,0,0,0,rings
DBSCAN(фікс. eps),1% точок,0.05,0,1.0,0,0,0,0,rings
DBSCAN(фікс. eps),1% точок,0.05,1,1.0,0,0,0,0,rings
DBSCAN(фікс. eps),1% точок,0.05,2,1.0,0,0,0,0,rings
DBSCAN(фікс. eps),1% точок,0.05,3,1.0,0,0,0,0,rings
DBSCAN(фікс. eps),1% точок,0.05,4,0.9997927209291819,1,0,1,0,rings
DBSCAN(фікс. eps),1% точок,0.1,0,1.0,0,0,0,0,rings
DBSCAN(фікс. eps),1% точок,0.1,1,1.0,0,0,0,0,rings
DBSCAN(фікс. eps),1% точок,0.1,2,1.0,0,0,0,0,rings
DBSCAN(фікс. eps),1% точок,0.1,3,1.0,0,0,0,0,rings
DBSCAN(фікс. eps),1% точок,0.1,4,1.0,0,0,0,0,rings
DBSCAN(фікс. eps),1% точок,0.25,0,0.7819757207977577,138,2,136,1,rings
DBSCAN(фікс. eps),1% точок,0.25,1,1.0,0,0,0,0,rings
DBSCAN(фікс. eps),1% точок,0.25,2,1.0,0,0,0,0,rings
DBSCAN(фікс. eps),1% точок,0.25,3,1.0,0,0,0,0,rings
DBSCAN(фікс. eps),1% точок,0.25,4,1.0,0,0,0,0,rings
DBSCAN(фікс. eps),1% точок,0.5,0,1.0,0,0,0,0,rings
DBSCAN(фікс. eps),1% точок,0.5,1,0.9967361861329003,2,2,0,0,rings
DBSCAN(фікс. eps),1% точок,0.5,2,0.8585285500194286,66,3,63,1,rings
DBSCAN(фікс. eps),1% точок,0.5,3,1.0,0,0,0,0,rings
DBSCAN(фікс. eps),1% точок,0.5,4,1.0,0,0,0,0,rings
DBSCAN(фікс. eps),1% точок,1.0,0,0.98815289187473,5,5,0,0,rings
DBSCAN(фікс. eps),1% точок,1.0,1,0.9971754904209279,2,2,0,0,rings
DBSCAN(фікс. eps),1% точок,1.0,2,0.9922081764366851,3,2,1,0,rings
DBSCAN(фікс. eps),1% точок,1.0,3,0.9945699426608513,3,3,0,0,rings
DBSCAN(фікс. eps),1% точок,1.0,4,0.9927449598117735,3,3,0,0,rings
DBSCAN(фікс. eps),1% точок,2.0,0,0.9786224960146649,7,7,0,0,rings
DBSCAN(фікс. eps),1% точок,2.0,1,0.9883664911875651,5,5,0,0,rings
DBSCAN(фікс. eps),1% точок,2.0,2,0.9866657757372758,5,5,0,0,rings
DBSCAN(фікс. eps),1% точок,2.0,3,0.9878076957297972,5,5,0,0,rings
DBSCAN(фікс. eps),1% точок,2.0,4,0.9874119557748134,6,6,0,0,rings
DBSCAN(фікс. eps),5% точок,0.01,0,1.0,0,0,0,0,rings
DBSCAN(фікс. eps),5% точок,0.01,1,1.0,0,0,0,0,rings
DBSCAN(фікс. eps),5% точок,0.01,2,1.0,0,0,0,0,rings
DBSCAN(фікс. eps),5% точок,0.01,3,1.0,0,0,0,0,rings
DBSCAN(фікс. eps),5% точок,0.01,4,1.0,0,0,0,0,rings
DBSCAN(фікс. eps),5% точок,0.05,0,1.0,0,0,0,0,rings
DBSCAN(фікс. eps),5% точок,0.05,1,1.0,0,0,0,0,rings
DBSCAN(фікс. eps),5% точок,0.05,2,0.8090850148257686,102,7,95,1,rings
DBSCAN(фікс. eps),5% точок,0.05,3,0.8059507991378576,105,7,98,1,rings
DBSCAN(фікс. eps),5% точок,0.05,4,1.0,0,0,0,0,rings
DBSCAN(фікс. eps),5% точок,0.1,0,1.0,0,0,0,0,rings
DBSCAN(фікс. eps),5% точок,0.1,1,0.8929710678305545,47,5,42,1,rings
DBSCAN(фікс. eps),5% точок,0.1,2,0.8088743345370321,103,7,96,1,rings
DBSCAN(фікс. eps),5% точок,0.1,3,0.9433583723972077,32,0,32,1,rings
DBSCAN(фікс. eps),5% точок,0.1,4,1.0,0,0,0,0,rings
DBSCAN(фікс. eps),5% точок,0.25,0,0.8923822356882961,50,3,47,1,rings
DBSCAN(фікс. eps),5% точок,0.25,1,0.6706127057005224,182,7,175,1,rings
DBSCAN(фікс. eps),5% точок,0.25,2,0.8297554124451868,85,5,80,1,rings
DBSCAN(фікс. eps),5% точок,0.25,3,1.0,0,0,0,0,rings
DBSCAN(фікс. eps),5% точок,0.25,4,0.7016338589661842,187,18,169,1,rings
DBSCAN(фікс. eps),5% точок,0.5,0,0.7785545889201476,139,10,129,1,rings
DBSCAN(фікс. eps),5% точок,0.5,1,0.8288947381155819,81,9,72,1,rings
DBSCAN(фікс. eps),5% точок,0.5,2,0.7367534250092898,141,7,134,1,rings
DBSCAN(фікс. eps),5% точок,0.5,3,0.6961593814219039,156,9,147,1,rings
DBSCAN(фікс. eps),5% точок,0.5,4,0.8271856625146138,92,4,88,1,rings
DBSCAN(фікс. eps),5% точок,1.0,0,0.7821717004576041,116,20,96,1,rings
DBSCAN(фікс. eps),5% точок,1.0,1,0.9693773462343881,14,14,0,0,rings
DBSCAN(фікс. eps),5% точок,1.0,2,0.6943855681409817,153,25,128,1,rings
DBSCAN(фікс. eps),5% точок,1.0,3,0.6738190087228997,202,23,179,1,rings
DBSCAN(фікс. eps),5% точок,1.0,4,0.5816402449113137,245,22,223,1,rings
DBSCAN(фікс. eps),5% точок,2.0,0,0.9237644658435169,32,32,0,0,rings
DBSCAN(фікс. eps),5% точок,2.0,1,0.6657380343699116,179,30,149,1,rings
DBSCAN(фікс. eps),5% точок,2.0,2,0.723489086160665,161,28,133,1,rings
DBSCAN(фікс. eps),5% точок,2.0,3,0.7234219576684063,128,28,100,1,rings
DBSCAN(фікс. eps),5% точок,2.0,4,0.679328720628939,161,33,128,1,rings
DBSCAN(фікс. eps),10% точок,0.01,0,1.0,0,0,0,0,rings
DBSCAN(фікс. eps),10% точок,0.01,1,1.0,0,0,0,0,rings
DBSCAN(фікс. eps),10% точок,0.01,2,0.8090850148257686,102,11,91,1,rings
DBSCAN(фікс. eps),10% точок,0.01,3,1.0,0,0,0,0,rings
DBSCAN(фікс. eps),10% точок,0.01,4,1.0,0,0,0,0,rings
DBSCAN(фікс. eps),10% точок,0.05,0,1.0,0,0,0,0,rings
DBSCAN(фікс. eps),10% точок,0.05,1,1.0,0,0,0,0,rings
DBSCAN(фікс. eps),10% точок,0.05,2,1.0,0,0,0,0,rings
DBSCAN(фікс. eps),10% точок,0.05,3,1.0,0,0,0,0,rings
DBSCAN(фікс. eps),10% точок,0.05,4,1.0,0,0,0,0,rings
DBSCAN(фікс. eps),10% точок,0.1,0,0.7374672890249465,146,10,136,1,rings
DBSCAN(фікс. eps),10% точок,0.1,1,0.9433583723972077,32,3,29,1,rings
DBSCAN(фікс. eps),10% точок,0.1,2,0.7081016925366559,178,24,154,1,rings
DBSCAN(фікс. eps),10% точок,0.1,3,0.9997927209291819,1,0,1,0,rings
DBSCAN(фікс. eps),10% точок,0.1,4,0.7791189395080302,146,15,131,1,rings
DBSCAN(фікс. eps),10% точок,0.25,0,0.7843932288155141,106,11,95,1,rings
DBSCAN(фікс. eps),10% точок,0.25,1,0.7443752775668298,134,18,116,1,rings
DBSCAN(фікс. eps),10% точок,0.25,2,0.6774260540934004,186,23,163,1,rings
DBSCAN(фікс. eps),10% точок,0.25,3,0.7723418426927532,151,16,135,1,rings
DBSCAN(фікс. eps),10% точок,0.25,4,0.828999061016233,89,6,83,1,rings
DBSCAN(фікс. eps),10% точок,0.5,0,0.6974959213802756,188,16,172,1,rings
DBSCAN(фікс. eps),10% точок,0.5,1,0.7641737180643886,153,24,129,1,rings
DBSCAN(фікс. eps),10% точок,0.5,2,0.7348477041781601,149,22,127,1,rings
DBSCAN(фікс. eps),10% точок,0.5,3,0.785916041715111,109,12,97,1,rings
DBSCAN(фікс. eps),10% точок,0.5,4,0.9895400578213476,7,7,0,0,rings
DBSCAN(фікс. eps),10% точок,1.0,0,0.588941886109467,226,46,180,1,rings
DBSCAN(фікс. eps),10% точок,1.0,1,0.5946056116853001,211,39,172,1,rings
DBSCAN(фікс. eps),10% точок,1.0,2,0.6020218559851138,251,40,211,1,rings
DBSCAN(фікс. eps),10% точок,1.0,3,0.5899634481799877,250,49,201,1,rings
DBSCAN(фікс. eps),10% точок,1.0,4,0.6597597769507196,204,38,166,1,rings
DBSCAN(фікс. eps),10% точок,2.0,0,0.5428031136071022,241,64,177,1,rings
DBSCAN(фікс. eps),10% точок,2.0,1,0.6196890885899075,172,53,119,1,rings
DBSCAN(фікс. eps),10% точок,2.0,2,0.5925659256432163,216,62,154,1,rings
DBSCAN(фікс. eps),10% точок,2.0,3,0.7108062773713312,127,64,63,1,rings
DBSCAN(фікс. eps),10% точок,2.0,4,0.4842251281058982,293,68,225,1,rings
KMeans,внутрішня точка,0.01,0,1.0,0,0,0,0,real_iris
KMeans,внутрішня точка,0.01,1,1.0,0,0,0,0,real_iris
KMeans,внутрішня точка,0.01,2,1.0,0,0,0,0,real_iris
KMeans,внутрішня точка,0.01,3,1.0,0,0,0,0,real_iris
KMeans,внутрішня точка,0.01,4,1.0,0,0,0,0,real_iris
KMeans,внутрішня точка,0.05,0,1.0,0,0,0,0,real_iris
KMeans,внутрішня точка,0.05,1,1.0,0,0,0,0,real_iris
KMeans,внутрішня точка,0.05,2,1.0,0,0,0,0,real_iris
KMeans,внутрішня точка,0.05,3,1.0,0,0,0,0,real_iris
KMeans,внутрішня точка,0.05,4,1.0,0,0,0,0,real_iris
KMeans,внутрішня точка,0.1,0,1.0,0,0,0,0,real_iris
KMeans,внутрішня точка,0.1,1,1.0,0,0,0,0,real_iris
KMeans,внутрішня точка,0.1,2,1.0,0,0,0,0,real_iris
KMeans,внутрішня точка,0.1,3,1.0,0,0,0,0,real_iris
KMeans,внутрішня точка,0.1,4,1.0,0,0,0,0,real_iris
KMeans,внутрішня точка,0.25,0,1.0,0,0,0,0,real_iris
KMeans,внутрішня точка,0.25,1,1.0,0,0,0,0,real_iris
KMeans,внутрішня точка,0.25,2,1.0,0,0,0,0,real_iris
KMeans,внутрішня точка,0.25,3,1.0,0,0,0,0,real_iris
KMeans,внутрішня точка,0.25,4,1.0,0,0,0,0,real_iris
KMeans,внутрішня точка,0.5,0,1.0,0,0,0,0,real_iris
KMeans,внутрішня точка,0.5,1,1.0,0,0,0,0,real_iris
KMeans,внутрішня точка,0.5,2,1.0,0,0,0,0,real_iris
KMeans,внутрішня точка,0.5,3,1.0,0,0,0,0,real_iris
KMeans,внутрішня точка,0.5,4,1.0,0,0,0,0,real_iris
KMeans,внутрішня точка,1.0,0,1.0,0,0,0,0,real_iris
KMeans,внутрішня точка,1.0,1,1.0,0,0,0,0,real_iris
KMeans,внутрішня точка,1.0,2,1.0,0,0,0,0,real_iris
KMeans,внутрішня точка,1.0,3,1.0,0,0,0,0,real_iris
KMeans,внутрішня точка,1.0,4,1.0,0,0,0,0,real_iris
KMeans,внутрішня точка,2.0,0,1.0,0,0,0,0,real_iris
KMeans,внутрішня точка,2.0,1,1.0,0,0,0,0,real_iris
KMeans,внутрішня точка,2.0,2,1.0,0,0,0,0,real_iris
KMeans,внутрішня точка,2.0,3,1.0,0,0,0,0,real_iris
KMeans,внутрішня точка,2.0,4,1.0,0,0,0,0,real_iris
KMeans,межова точка,0.01,0,1.0,0,0,0,0,real_iris
KMeans,межова точка,0.01,1,1.0,0,0,0,0,real_iris
KMeans,межова точка,0.01,2,1.0,0,0,0,0,real_iris
KMeans,межова точка,0.01,3,1.0,0,0,0,0,real_iris
KMeans,межова точка,0.01,4,1.0,0,0,0,0,real_iris
KMeans,межова точка,0.05,0,1.0,0,0,0,0,real_iris
KMeans,межова точка,0.05,1,1.0,0,0,0,0,real_iris
KMeans,межова точка,0.05,2,1.0,0,0,0,0,real_iris
KMeans,межова точка,0.05,3,1.0,0,0,0,0,real_iris
KMeans,межова точка,0.05,4,1.0,0,0,0,0,real_iris
KMeans,межова точка,0.1,0,1.0,0,0,0,0,real_iris
KMeans,межова точка,0.1,1,1.0,0,0,0,0,real_iris
KMeans,межова точка,0.1,2,1.0,0,0,0,0,real_iris
KMeans,межова точка,0.1,3,1.0,0,0,0,0,real_iris
KMeans,межова точка,0.1,4,1.0,0,0,0,0,real_iris
KMeans,межова точка,0.25,0,1.0,0,0,0,0,real_iris
KMeans,межова точка,0.25,1,1.0,0,0,0,0,real_iris
KMeans,межова точка,0.25,2,1.0,0,0,0,0,real_iris
KMeans,межова точка,0.25,3,1.0,0,0,0,0,real_iris
KMeans,межова точка,0.25,4,1.0,0,0,0,0,real_iris
KMeans,межова точка,0.5,0,1.0,0,0,0,0,real_iris
KMeans,межова точка,0.5,1,1.0,0,0,0,0,real_iris
KMeans,межова точка,0.5,2,1.0,0,0,0,0,real_iris
KMeans,межова точка,0.5,3,1.0,0,0,0,0,real_iris
KMeans,межова точка,0.5,4,1.0,0,0,0,0,real_iris
KMeans,межова точка,1.0,0,1.0,0,0,0,0,real_iris
KMeans,межова точка,1.0,1,1.0,0,0,0,0,real_iris
KMeans,межова точка,1.0,2,1.0,0,0,0,0,real_iris
KMeans,межова точка,1.0,3,1.0,0,0,0,0,real_iris
KMeans,межова точка,1.0,4,1.0,0,0,0,0,real_iris
KMeans,межова точка,2.0,0,1.0,0,0,0,0,real_iris
KMeans,межова точка,2.0,1,0.9584019198727551,2,1,1,0,real_iris
KMeans,межова точка,2.0,2,1.0,0,0,0,0,real_iris
KMeans,межова точка,2.0,3,1.0,0,0,0,0,real_iris
KMeans,межова точка,2.0,4,1.0,0,0,0,0,real_iris
KMeans,1% точок,0.01,0,1.0,0,0,0,0,real_iris
KMeans,1% точок,0.01,1,1.0,0,0,0,0,real_iris
KMeans,1% точок,0.01,2,1.0,0,0,0,0,real_iris
KMeans,1% точок,0.01,3,1.0,0,0,0,0,real_iris
KMeans,1% точок,0.01,4,1.0,0,0,0,0,real_iris
KMeans,1% точок,0.05,0,1.0,0,0,0,0,real_iris
KMeans,1% точок,0.05,1,1.0,0,0,0,0,real_iris
KMeans,1% точок,0.05,2,1.0,0,0,0,0,real_iris
KMeans,1% точок,0.05,3,1.0,0,0,0,0,real_iris
KMeans,1% точок,0.05,4,1.0,0,0,0,0,real_iris
KMeans,1% точок,0.1,0,1.0,0,0,0,0,real_iris
KMeans,1% точок,0.1,1,1.0,0,0,0,0,real_iris
KMeans,1% точок,0.1,2,1.0,0,0,0,0,real_iris
KMeans,1% точок,0.1,3,1.0,0,0,0,0,real_iris
KMeans,1% точок,0.1,4,1.0,0,0,0,0,real_iris
KMeans,1% точок,0.25,0,1.0,0,0,0,0,real_iris
KMeans,1% точок,0.25,1,1.0,0,0,0,0,real_iris
KMeans,1% точок,0.25,2,0.980280739387653,1,0,1,0,real_iris
KMeans,1% точок,0.25,3,0.980280739387653,1,0,1,0,real_iris
KMeans,1% точок,0.25,4,1.0,0,0,0,0,real_iris
KMeans,1% точок,0.5,0,1.0,0,0,0,0,real_iris
KMeans,1% точок,0.5,1,0.980280739387653,1,0,1,0,real_iris
KMeans,1% точок,0.5,2,1.0,0,0,0,0,real_iris
KMeans,1% точок,0.5,3,1.0,0,0,0,0,real_iris
KMeans,1% точок,0.5,4,1.0,0,0,0,0,real_iris
KMeans,1% точок,1.0,0,1.0,0,0,0,0,real_iris
KMeans,1% точок,1.0,1,1.0,0,0,0,0,real_iris
KMeans,1% точок,1.0,2,1.0,0,0,0,0,real_iris
KMeans,1% точок,1.0,3,0.980280739387653,1,0,1,0,real_iris
KMeans,1% точок,1.0,4,1.0,0,0,0,0,real_iris
KMeans,1% точок,2.0,0,0.980280739387653,1,0,1,0,real_iris
KMeans,1% точок,2.0,1,1.0,0,0,0,0,real_iris
KMeans,1% точок,2.0,2,0.980280739387653,1,0,1,0,real_iris
KMeans,1% точок,2.0,3,1.0,0,0,0,0,real_iris
KMeans,1% точок,2.0,4,1.0,0,0,0,0,real_iris
KMeans,5% точок,0.01,0,1.0,0,0,0,0,real_iris
KMeans,5% точок,0.01,1,1.0,0,0,0,0,real_iris
KMeans,5% точок,0.01,2,1.0,0,0,0,0,real_iris
KMeans,5% точок,0.01,3,1.0,0,0,0,0,real_iris
KMeans,5% точок,0.01,4,1.0,0,0,0,0,real_iris
KMeans,5% точок,0.05,0,1.0,0,0,0,0,real_iris
KMeans,5% точок,0.05,1,1.0,0,0,0,0,real_iris
KMeans,5% точок,0.05,2,1.0,0,0,0,0,real_iris
KMeans,5% точок,0.05,3,1.0,0,0,0,0,real_iris
KMeans,5% точок,0.05,4,1.0,0,0,0,0,real_iris
KMeans,5% точок,0.1,0,1.0,0,0,0,0,real_iris
KMeans,5% точок,0.1,1,1.0,0,0,0,0,real_iris
KMeans,5% точок,0.1,2,1.0,0,0,0,0,real_iris
KMeans,5% точок,0.1,3,0.980280739387653,1,0,1,0,real_iris
KMeans,5% точок,0.1,4,1.0,0,0,0,0,real_iris
KMeans,5% точок,0.25,0,1.0,0,0,0,0,real_iris
KMeans,5% точок,0.25,1,0.9803402319380828,1,1,0,0,real_iris
KMeans,5% точок,0.25,2,1.0,0,0,0,0,real_iris
KMeans,5% точок,0.25,3,1.0,0,0,0,0,real_iris
KMeans,5% точок,0.25,4,0.9609080930581212,2,1,1,0,real_iris
KMeans,5% точок,0.5,0,1.0,0,0,0,0,real_iris
KMeans,5% точок,0.5,1,0.980280739387653,1,0,1,0,real_iris
KMeans,5% точок,0.5,2,0.980280739387653,1,0,1,0,real_iris
KMeans,5% точок,0.5,3,0.980280739387653,1,0,1,0,real_iris
KMeans,5% точок,0.5,4,1.0,0,0,0,0,real_iris
KMeans,5% точок,1.0,0,0.9610163742974831,2,1,1,0,real_iris
KMeans,5% точок,1.0,1,0.9803402319380828,1,1,0,0,real_iris
KMeans,5% точок,1.0,2,0.9609080930581212,2,1,1,0,real_iris
KMeans,5% точок,1.0,3,0.980280739387653,1,0,1,0,real_iris
KMeans,5% точок,1.0,4,0.9609080930581212,2,1,1,0,real_iris
KMeans,5% точок,2.0,0,1.0,0,0,0,0,real_iris
KMeans,5% точок,2.0,1,0.9779072397410327,1,1,0,0,real_iris
KMeans,5% точок,2.0,2,0.9609080930581212,2,1,1,0,real_iris
KMeans,5% точок,2.0,3,0.9609080930581212,2,1,1,0,real_iris
KMeans,5% точок,2.0,4,0.980280739387653,1,0,1,0,real_iris
KMeans,10% точок,0.01,0,0.980280739387653,1,1,0,0,real_iris
KMeans,10% точок,0.01,1,1.0,0,0,0,0,real_iris
KMeans,10% точок,0.01,2,1.0,0,0,0,0,real_iris
KMeans,10% точок,0.01,3,1.0,0,0,0,0,real_iris
KMeans,10% точок,0.01,4,0.980280739387653,1,1,0,0,real_iris
KMeans,10% точок,0.05,0,1.0,0,0,0,0,real_iris
KMeans,10% точок,0.05,1,0.980280739387653,1,0,1,0,real_iris
KMeans,10% точок,0.05,2,1.0,0,0,0,0,real_iris
KMeans,10% точок,0.05,3,1.0,0,0,0,0,real_iris
KMeans,10% точок,0.05,4,1.0,0,0,0,0,real_iris
KMeans,10% точок,0.1,0,0.980280739387653,1,0,1,0,real_iris
KMeans,10% точок,0.1,1,1.0,0,0,0,0,real_iris
KMeans,10% точок,0.1,2,0.980280739387653,1,0,1,0,real_iris
KMeans,10% точок,0.1,3,0.9609080930581212,2,1,1,0,real_iris
KMeans,10% точок,0.1,4,1.0,0,0,0,0,real_iris
KMeans,10% точок,0.25,0,0.980280739387653,1,1,0,0,real_iris
KMeans,10% точок,0.25,1,1.0,0,0,0,0,real_iris
KMeans,10% точок,0.25,2,0.980280739387653,1,1,0,0,real_iris
KMeans,10% точок,0.25,3,0.9803402319380828,1,1,0,0,real_iris
KMeans,10% точок,0.25,4,1.0,0,0,0,0,real_iris
KMeans,10% точок,0.5,0,0.9609080930581212,2,1,1,0,real_iris
KMeans,10% точок,0.5,1,0.9803402319380828,1,1,0,0,real_iris
KMeans,10% точок,0.5,2,0.980280739387653,1,0,1,0,real_iris
KMeans,10% точок,0.5,3,0.9803402319380828,1,1,0,0,real_iris
KMeans,10% точок,0.5,4,0.980280739387653,1,0,1,0,real_iris
KMeans,10% точок,1.0,0,0.9236239169909873,4,3,1,0,real_iris
KMeans,10% точок,1.0,1,0.9609080930581212,2,1,1,0,real_iris
KMeans,10% точок,1.0,2,0.9803402319380828,1,1,0,0,real_iris
KMeans,10% точок,1.0,3,0.9610163742974831,2,1,1,0,real_iris
KMeans,10% точок,1.0,4,0.9609080930581212,2,1,1,0,real_iris
KMeans,10% точок,2.0,0,0.9387992546963906,3,3,0,0,real_iris
KMeans,10% точок,2.0,1,0.8703309226400212,7,6,1,0,real_iris
KMeans,10% точок,2.0,2,0.9422121969089103,3,2,1,0,real_iris
KMeans,10% точок,2.0,3,0.9420373248667376,3,3,0,0,real_iris
KMeans,10% точок,2.0,4,0.9389888433464828,3,2,1,0,real_iris
GaussianMixture,внутрішня точка,0.01,0,1.0,0,0,0,0,real_iris
GaussianMixture,внутрішня точка,0.01,1,1.0,0,0,0,0,real_iris
GaussianMixture,внутрішня точка,0.01,2,1.0,0,0,0,0,real_iris
GaussianMixture,внутрішня точка,0.01,3,1.0,0,0,0,0,real_iris
GaussianMixture,внутрішня точка,0.01,4,1.0,0,0,0,0,real_iris
GaussianMixture,внутрішня точка,0.05,0,1.0,0,0,0,0,real_iris
GaussianMixture,внутрішня точка,0.05,1,1.0,0,0,0,0,real_iris
GaussianMixture,внутрішня точка,0.05,2,1.0,0,0,0,0,real_iris
GaussianMixture,внутрішня точка,0.05,3,1.0,0,0,0,0,real_iris
GaussianMixture,внутрішня точка,0.05,4,1.0,0,0,0,0,real_iris
GaussianMixture,внутрішня точка,0.1,0,1.0,0,0,0,0,real_iris
GaussianMixture,внутрішня точка,0.1,1,1.0,0,0,0,0,real_iris
GaussianMixture,внутрішня точка,0.1,2,1.0,0,0,0,0,real_iris
GaussianMixture,внутрішня точка,0.1,3,1.0,0,0,0,0,real_iris
GaussianMixture,внутрішня точка,0.1,4,1.0,0,0,0,0,real_iris
GaussianMixture,внутрішня точка,0.25,0,1.0,0,0,0,0,real_iris
GaussianMixture,внутрішня точка,0.25,1,1.0,0,0,0,0,real_iris
GaussianMixture,внутрішня точка,0.25,2,1.0,0,0,0,0,real_iris
GaussianMixture,внутрішня точка,0.25,3,1.0,0,0,0,0,real_iris
GaussianMixture,внутрішня точка,0.25,4,1.0,0,0,0,0,real_iris
GaussianMixture,внутрішня точка,0.5,0,1.0,0,0,0,0,real_iris
GaussianMixture,внутрішня точка,0.5,1,1.0,0,0,0,0,real_iris
GaussianMixture,внутрішня точка,0.5,2,1.0,0,0,0,0,real_iris
GaussianMixture,внутрішня точка,0.5,3,1.0,0,0,0,0,real_iris
GaussianMixture,внутрішня точка,0.5,4,1.0,0,0,0,0,real_iris
GaussianMixture,внутрішня точка,1.0,0,1.0,0,0,0,0,real_iris
GaussianMixture,внутрішня точка,1.0,1,1.0,0,0,0,0,real_iris
GaussianMixture,внутрішня точка,1.0,2,1.0,0,0,0,0,real_iris
GaussianMixture,внутрішня точка,1.0,3,1.0,0,0,0,0,real_iris
GaussianMixture,внутрішня точка,1.0,4,1.0,0,0,0,0,real_iris
GaussianMixture,внутрішня точка,2.0,0,1.0,0,0,0,0,real_iris
GaussianMixture,внутрішня точка,2.0,1,1.0,0,0,0,0,real_iris
GaussianMixture,внутрішня точка,2.0,2,1.0,0,0,0,0,real_iris
GaussianMixture,внутрішня точка,2.0,3,1.0,0,0,0,0,real_iris
GaussianMixture,внутрішня точка,2.0,4,1.0,0,0,0,0,real_iris
GaussianMixture,межова точка,0.01,0,1.0,0,0,0,0,real_iris
GaussianMixture,межова точка,0.01,1,1.0,0,0,0,0,real_iris
GaussianMixture,межова точка,0.01,2,1.0,0,0,0,0,real_iris
GaussianMixture,межова точка,0.01,3,1.0,0,0,0,0,real_iris
GaussianMixture,межова точка,0.01,4,1.0,0,0,0,0,real_iris
GaussianMixture,межова точка,0.05,0,1.0,0,0,0,0,real_iris
GaussianMixture,межова точка,0.05,1,1.0,0,0,0,0,real_iris
GaussianMixture,межова точка,0.05,2,1.0,0,0,0,0,real_iris
GaussianMixture,межова точка,0.05,3,1.0,0,0,0,0,real_iris
GaussianMixture,межова точка,0.05,4,1.0,0,0,0,0,real_iris
GaussianMixture,межова точка,0.1,0,1.0,0,0,0,0,real_iris
GaussianMixture,межова точка,0.1,1,1.0,0,0,0,0,real_iris
GaussianMixture,межова точка,0.1,2,1.0,0,0,0,0,real_iris
GaussianMixture,межова точка,0.1,3,1.0,0,0,0,0,real_iris
GaussianMixture,межова точка,0.1,4,1.0,0,0,0,0,real_iris
GaussianMixture,межова точка,0.25,0,1.0,0,0,0,0,real_iris
GaussianMixture,межова точка,0.25,1,1.0,0,0,0,0,real_iris
GaussianMixture,межова точка,0.25,2,1.0,0,0,0,0,real_iris
GaussianMixture,межова точка,0.25,3,1.0,0,0,0,0,real_iris
GaussianMixture,межова точка,0.25,4,1.0,0,0,0,0,real_iris
GaussianMixture,межова точка,0.5,0,1.0,0,0,0,0,real_iris
GaussianMixture,межова точка,0.5,1,1.0,0,0,0,0,real_iris
GaussianMixture,межова точка,0.5,2,1.0,0,0,0,0,real_iris
GaussianMixture,межова точка,0.5,3,1.0,0,0,0,0,real_iris
GaussianMixture,межова точка,0.5,4,1.0,0,0,0,0,real_iris
GaussianMixture,межова точка,1.0,0,1.0,0,0,0,0,real_iris
GaussianMixture,межова точка,1.0,1,1.0,0,0,0,0,real_iris
GaussianMixture,межова точка,1.0,2,1.0,0,0,0,0,real_iris
GaussianMixture,межова точка,1.0,3,1.0,0,0,0,0,real_iris
GaussianMixture,межова точка,1.0,4,1.0,0,0,0,0,real_iris
GaussianMixture,межова точка,2.0,0,1.0,0,0,0,0,real_iris
GaussianMixture,межова точка,2.0,1,0.9810044864457259,1,1,0,0,real_iris
GaussianMixture,межова точка,2.0,2,1.0,0,0,0,0,real_iris
GaussianMixture,межова точка,2.0,3,1.0,0,0,0,0,real_iris
GaussianMixture,межова точка,2.0,4,1.0,0,0,0,0,real_iris
GaussianMixture,1% точок,0.01,0,1.0,0,0,0,0,real_iris
GaussianMixture,1% точок,0.01,1,1.0,0,0,0,0,real_iris
GaussianMixture,1% точок,0.01,2,1.0,0,0,0,0,real_iris
GaussianMixture,1% точок,0.01,3,1.0,0,0,0,0,real_iris
GaussianMixture,1% точок,0.01,4,1.0,0,0,0,0,real_iris
GaussianMixture,1% точок,0.05,0,1.0,0,0,0,0,real_iris
GaussianMixture,1% точок,0.05,1,1.0,0,0,0,0,real_iris
GaussianMixture,1% точок,0.05,2,1.0,0,0,0,0,real_iris
GaussianMixture,1% точок,0.05,3,1.0,0,0,0,0,real_iris
GaussianMixture,1% точок,0.05,4,1.0,0,0,0,0,real_iris
GaussianMixture,1% точок,0.1,0,1.0,0,0,0,0,real_iris
GaussianMixture,1% точок,0.1,1,1.0,0,0,0,0,real_iris
GaussianMixture,1% точок,0.1,2,1.0,0,0,0,0,real_iris
GaussianMixture,1% точок,0.1,3,1.0,0,0,0,0,real_iris
GaussianMixture,1% точок,0.1,4,1.0,0,0,0,0,real_iris
GaussianMixture,1% точок,0.25,0,1.0,0,0,0,0,real_iris
GaussianMixture,1% точок,0.25,1,1.0,0,0,0,0,real_iris
GaussianMixture,1% точок,0.25,2,1.0,0,0,0,0,real_iris
GaussianMixture,1% точок,0.25,3,1.0,0,0,0,0,real_iris
GaussianMixture,1% точок,0.25,4,1.0,0,0,0,0,real_iris
GaussianMixture,1% точок,0.5,0,1.0,0,0,0,0,real_iris
GaussianMixture,1% точок,0.5,1,0.9799872560250104,1,1,0,0,real_iris
GaussianMixture,1% точок,0.5,2,1.0,0,0,0,0,real_iris
GaussianMixture,1% точок,0.5,3,1.0,0,0,0,0,real_iris
GaussianMixture,1% точок,0.5,4,0.9800145511301513,1,1,0,0,real_iris
GaussianMixture,1% точок,1.0,0,0.9799872560250104,1,1,0,0,real_iris
GaussianMixture,1% точок,1.0,1,1.0,0,0,0,0,real_iris
GaussianMixture,1% точок,1.0,2,1.0,0,0,0,0,real_iris
GaussianMixture,1% точок,1.0,3,0.9800145511301513,1,1,0,0,real_iris
GaussianMixture,1% точок,1.0,4,1.0,0,0,0,0,real_iris
GaussianMixture,1% точок,2.0,0,0.9799872560250104,1,0,1,0,real_iris
GaussianMixture,1% точок,2.0,1,0.9800145511301513,1,0,1,0,real_iris
GaussianMixture,1% точок,2.0,2,0.8181777094820573,10,1,9,0,real_iris
GaussianMixture,1% точок,2.0,3,1.0,0,0,0,0,real_iris
GaussianMixture,1% точок,2.0,4,1.0,0,0,0,0,real_iris
GaussianMixture,5% точок,0.01,0,1.0,0,0,0,0,real_iris
GaussianMixture,5% точок,0.01,1,1.0,0,0,0,0,real_iris
GaussianMixture,5% точок,0.01,2,1.0,0,0,0,0,real_iris
GaussianMixture,5% точок,0.01,3,1.0,0,0,0,0,real_iris
GaussianMixture,5% точок,0.01,4,1.0,0,0,0,0,real_iris
GaussianMixture,5% точок,0.05,0,1.0,0,0,0,0,real_iris
GaussianMixture,5% точок,0.05,1,1.0,0,0,0,0,real_iris
GaussianMixture,5% точок,0.05,2,1.0,0,0,0,0,real_iris
GaussianMixture,5% точок,0.05,3,1.0,0,0,0,0,real_iris
GaussianMixture,5% точок,0.05,4,1.0,0,0,0,0,real_iris
GaussianMixture,5% точок,0.1,0,1.0,0,0,0,0,real_iris
GaussianMixture,5% точок,0.1,1,1.0,0,0,0,0,real_iris
GaussianMixture,5% точок,0.1,2,1.0,0,0,0,0,real_iris
GaussianMixture,5% точок,0.1,3,1.0,0,0,0,0,real_iris
GaussianMixture,5% точок,0.1,4,1.0,0,0,0,0,real_iris
GaussianMixture,5% точок,0.25,0,0.9799872560250104,1,0,1,0,real_iris
GaussianMixture,5% точок,0.25,1,1.0,0,0,0,0,real_iris
GaussianMixture,5% точок,0.25,2,0.9603598614414004,2,0,2,0,real_iris
GaussianMixture,5% точок,0.25,3,1.0,0,0,0,0,real_iris
GaussianMixture,5% точок,0.25,4,1.0,0,0,0,0,real_iris
GaussianMixture,5% точок,0.5,0,1.0,0,0,0,0,real_iris
GaussianMixture,5% точок,0.5,1,1.0,0,0,0,0,real_iris
GaussianMixture,5% точок,0.5,2,0.9411264177305539,3,0,3,0,real_iris
GaussianMixture,5% точок,0.5,3,0.9799872560250104,1,0,1,0,real_iris
GaussianMixture,5% точок,0.5,4,0.9222952173314695,4,0,4,0,real_iris
GaussianMixture,5% точок,1.0,0,0.9799872560250104,1,1,0,0,real_iris
GaussianMixture,5% точок,1.0,1,0.6915885587937428,19,1,18,0,real_iris
GaussianMixture,5% точок,1.0,2,0.9222952173314695,4,0,4,0,real_iris
GaussianMixture,5% точок,1.0,3,0.6926704136531957,19,0,19,0,real_iris
GaussianMixture,5% точок,1.0,4,0.941366849238378,3,2,1,0,real_iris
GaussianMixture,5% точок,2.0,0,0.7172394129031651,17,0,17,0,real_iris
GaussianMixture,5% точок,2.0,1,0.701586606535577,18,2,16,0,real_iris
GaussianMixture,5% точок,2.0,2,0.9800145511301513,1,1,0,0,real_iris
GaussianMixture,5% точок,2.0,3,0.9603598614414004,2,0,2,0,real_iris
GaussianMixture,5% точок,2.0,4,0.7220291644537663,16,1,15,0,real_iris
GaussianMixture,10% точок,0.01,0,1.0,0,0,0,0,real_iris
GaussianMixture,10% точок,0.01,1,1.0,0,0,0,0,real_iris
GaussianMixture,10% точок,0.01,2,1.0,0,0,0,0,real_iris
GaussianMixture,10% точок,0.01,3,1.0,0,0,0,0,real_iris
GaussianMixture,10% точок,0.01,4,1.0,0,0,0,0,real_iris
GaussianMixture,10% точок,0.05,0,1.0,0,0,0,0,real_iris
GaussianMixture,10% точок,0.05,1,1.0,0,0,0,0,real_iris
GaussianMixture,10% точок,0.05,2,1.0,0,0,0,0,real_iris
GaussianMixture,10% точок,0.05,3,1.0,0,0,0,0,real_iris
GaussianMixture,10% точок,0.05,4,1.0,0,0,0,0,real_iris
GaussianMixture,10% точок,0.1,0,1.0,0,0,0,0,real_iris
GaussianMixture,10% точок,0.1,1,1.0,0,0,0,0,real_iris
GaussianMixture,10% точок,0.1,2,1.0,0,0,0,0,real_iris
GaussianMixture,10% точок,0.1,3,1.0,0,0,0,0,real_iris
GaussianMixture,10% точок,0.1,4,1.0,0,0,0,0,real_iris
GaussianMixture,10% точок,0.25,0,0.9799872560250104,1,0,1,0,real_iris
GaussianMixture,10% точок,0.25,1,0.9603598614414004,2,1,1,0,real_iris
GaussianMixture,10% точок,0.25,2,0.9799872560250104,1,0,1,0,real_iris
GaussianMixture,10% точок,0.25,3,0.9800145511301513,1,1,0,0,real_iris
GaussianMixture,10% точок,0.25,4,0.9222952173314695,4,0,4,0,real_iris
GaussianMixture,10% точок,0.5,0,0.9799872560250104,1,1,0,0,real_iris
GaussianMixture,10% точок,0.5,1,0.9799872560250104,1,1,0,0,real_iris
GaussianMixture,10% точок,0.5,2,0.9038742317748124,5,2,3,0,real_iris
GaussianMixture,10% точок,0.5,3,0.9222952173314695,4,0,4,0,real_iris
GaussianMixture,10% точок,0.5,4,0.9038742317748124,5,1,4,0,real_iris
GaussianMixture,10% точок,1.0,0,0.9224224893790112,4,4,0,0,real_iris
GaussianMixture,10% точок,1.0,1,0.6368789747346334,23,2,21,0,real_iris
GaussianMixture,10% точок,1.0,2,0.6926704136531957,19,1,18,0,real_iris
GaussianMixture,10% точок,1.0,3,0.8343042478396002,9,4,5,0,real_iris
GaussianMixture,10% точок,1.0,4,0.8682571050219008,7,4,3,0,real_iris
GaussianMixture,10% точок,2.0,0,0.5460981705149975,40,2,38,0,real_iris
GaussianMixture,10% точок,2.0,1,0.5923492824047314,29,7,22,0,real_iris
GaussianMixture,10% точок,2.0,2,0.8478905208513395,8,3,5,0,real_iris
GaussianMixture,10% точок,2.0,3,0.4540998365248449,53,11,42,0,real_iris
GaussianMixture,10% точок,2.0,4,0.5205505585966912,41,4,37,0,real_iris
DBSCAN,внутрішня точка,0.01,0,1.0,0,0,0,0,real_iris
DBSCAN,внутрішня точка,0.01,1,1.0,0,0,0,0,real_iris
DBSCAN,внутрішня точка,0.01,2,1.0,0,0,0,0,real_iris
DBSCAN,внутрішня точка,0.01,3,1.0,0,0,0,0,real_iris
DBSCAN,внутрішня точка,0.01,4,1.0,0,0,0,0,real_iris
DBSCAN,внутрішня точка,0.05,0,1.0,0,0,0,0,real_iris
DBSCAN,внутрішня точка,0.05,1,1.0,0,0,0,0,real_iris
DBSCAN,внутрішня точка,0.05,2,1.0,0,0,0,0,real_iris
DBSCAN,внутрішня точка,0.05,3,1.0,0,0,0,0,real_iris
DBSCAN,внутрішня точка,0.05,4,1.0,0,0,0,0,real_iris
DBSCAN,внутрішня точка,0.1,0,1.0,0,0,0,0,real_iris
DBSCAN,внутрішня точка,0.1,1,1.0,0,0,0,0,real_iris
DBSCAN,внутрішня точка,0.1,2,1.0,0,0,0,0,real_iris
DBSCAN,внутрішня точка,0.1,3,1.0,0,0,0,0,real_iris
DBSCAN,внутрішня точка,0.1,4,1.0,0,0,0,0,real_iris
DBSCAN,внутрішня точка,0.25,0,1.0,0,0,0,0,real_iris
DBSCAN,внутрішня точка,0.25,1,1.0,0,0,0,0,real_iris
DBSCAN,внутрішня точка,0.25,2,1.0,0,0,0,0,real_iris
DBSCAN,внутрішня точка,0.25,3,1.0,0,0,0,0,real_iris
DBSCAN,внутрішня точка,0.25,4,1.0,0,0,0,0,real_iris
DBSCAN,внутрішня точка,0.5,0,1.0,0,0,0,0,real_iris
DBSCAN,внутрішня точка,0.5,1,1.0,0,0,0,0,real_iris
DBSCAN,внутрішня точка,0.5,2,1.0,0,0,0,0,real_iris
DBSCAN,внутрішня точка,0.5,3,1.0,0,0,0,0,real_iris
DBSCAN,внутрішня точка,0.5,4,1.0,0,0,0,0,real_iris
DBSCAN,внутрішня точка,1.0,0,1.0,0,0,0,0,real_iris
DBSCAN,внутрішня точка,1.0,1,1.0,0,0,0,0,real_iris
DBSCAN,внутрішня точка,1.0,2,1.0,0,0,0,0,real_iris
DBSCAN,внутрішня точка,1.0,3,1.0,0,0,0,0,real_iris
DBSCAN,внутрішня точка,1.0,4,1.0,0,0,0,0,real_iris
DBSCAN,внутрішня точка,2.0,0,0.9911406490223893,1,1,0,0,real_iris
DBSCAN,внутрішня точка,2.0,1,0.9911406490223893,1,1,0,0,real_iris
DBSCAN,внутрішня точка,2.0,2,0.9911406490223893,1,1,0,0,real_iris
DBSCAN,внутрішня точка,2.0,3,0.9911406490223893,1,1,0,0,real_iris
DBSCAN,внутрішня точка,2.0,4,0.9911406490223893,1,1,0,0,real_iris
DBSCAN,межова точка,0.01,0,1.0,0,0,0,0,real_iris
DBSCAN,межова точка,0.01,1,1.0,0,0,0,0,real_iris
DBSCAN,межова точка,0.01,2,1.0,0,0,0,0,real_iris
DBSCAN,межова точка,0.01,3,1.0,0,0,0,0,real_iris
DBSCAN,межова точка,0.01,4,1.0,0,0,0,0,real_iris
DBSCAN,межова точка,0.05,0,1.0,0,0,0,0,real_iris
DBSCAN,межова точка,0.05,1,1.0,0,0,0,0,real_iris
DBSCAN,межова точка,0.05,2,1.0,0,0,0,0,real_iris
DBSCAN,межова точка,0.05,3,1.0,0,0,0,0,real_iris
DBSCAN,межова точка,0.05,4,1.0,0,0,0,0,real_iris
DBSCAN,межова точка,0.1,0,1.0,0,0,0,0,real_iris
DBSCAN,межова точка,0.1,1,1.0,0,0,0,0,real_iris
DBSCAN,межова точка,0.1,2,1.0,0,0,0,0,real_iris
DBSCAN,межова точка,0.1,3,1.0,0,0,0,0,real_iris
DBSCAN,межова точка,0.1,4,1.0,0,0,0,0,real_iris
DBSCAN,межова точка,0.25,0,1.0,0,0,0,0,real_iris
DBSCAN,межова точка,0.25,1,1.0,0,0,0,0,real_iris
DBSCAN,межова точка,0.25,2,1.0,0,0,0,0,real_iris
DBSCAN,межова точка,0.25,3,1.0,0,0,0,0,real_iris
DBSCAN,межова точка,0.25,4,1.0,0,0,0,0,real_iris
DBSCAN,межова точка,0.5,0,1.0,0,0,0,0,real_iris
DBSCAN,межова точка,0.5,1,1.0,0,0,0,0,real_iris
DBSCAN,межова точка,0.5,2,1.0,0,0,0,0,real_iris
DBSCAN,межова точка,0.5,3,1.0,0,0,0,0,real_iris
DBSCAN,межова точка,0.5,4,1.0,0,0,0,0,real_iris
DBSCAN,межова точка,1.0,0,1.0,0,0,0,0,real_iris
DBSCAN,межова точка,1.0,1,1.0,0,0,0,0,real_iris
DBSCAN,межова точка,1.0,2,1.0,0,0,0,0,real_iris
DBSCAN,межова точка,1.0,3,1.0,0,0,0,0,real_iris
DBSCAN,межова точка,1.0,4,1.0,0,0,0,0,real_iris
DBSCAN,межова точка,2.0,0,0.9911406490223893,1,1,0,0,real_iris
DBSCAN,межова точка,2.0,1,0.9911406490223893,1,1,0,0,real_iris
DBSCAN,межова точка,2.0,2,0.9911406490223893,1,1,0,0,real_iris
DBSCAN,межова точка,2.0,3,0.9911406490223893,1,1,0,0,real_iris
DBSCAN,межова точка,2.0,4,0.9911406490223893,1,1,0,0,real_iris
DBSCAN,1% точок,0.01,0,1.0,0,0,0,0,real_iris
DBSCAN,1% точок,0.01,1,1.0,0,0,0,0,real_iris
DBSCAN,1% точок,0.01,2,1.0,0,0,0,0,real_iris
DBSCAN,1% точок,0.01,3,1.0,0,0,0,0,real_iris
DBSCAN,1% точок,0.01,4,1.0,0,0,0,0,real_iris
DBSCAN,1% точок,0.05,0,1.0,0,0,0,0,real_iris
DBSCAN,1% точок,0.05,1,1.0,0,0,0,0,real_iris
DBSCAN,1% точок,0.05,2,1.0,0,0,0,0,real_iris
DBSCAN,1% точок,0.05,3,1.0,0,0,0,0,real_iris
DBSCAN,1% точок,0.05,4,1.0,0,0,0,0,real_iris
DBSCAN,1% точок,0.1,0,1.0,0,0,0,0,real_iris
DBSCAN,1% точок,0.1,1,1.0,0,0,0,0,real_iris
DBSCAN,1% точок,0.1,2,1.0,0,0,0,0,real_iris
DBSCAN,1% точок,0.1,3,1.0,0,0,0,0,real_iris
DBSCAN,1% точок,0.1,4,1.0,0,0,0,0,real_iris
DBSCAN,1% точок,0.25,0,1.0,0,0,0,0,real_iris
DBSCAN,1% точок,0.25,1,1.0,0,0,0,0,real_iris
DBSCAN,1% точок,0.25,2,1.0,0,0,0,0,real_iris
DBSCAN,1% точок,0.25,3,1.0,0,0,0,0,real_iris
DBSCAN,1% точок,0.25,4,1.0,0,0,0,0,real_iris
DBSCAN,1% точок,0.5,0,1.0,0,0,0,0,real_iris
DBSCAN,1% точок,0.5,1,1.0,0,0,0,0,real_iris
DBSCAN,1% точок,0.5,2,1.0,0,0,0,0,real_iris
DBSCAN,1% точок,0.5,3,1.0,0,0,0,0,real_iris
DBSCAN,1% точок,0.5,4,1.0,0,0,0,0,real_iris
DBSCAN,1% точок,1.0,0,1.0,0,0,0,0,real_iris
DBSCAN,1% точок,1.0,1,1.0,0,0,0,0,real_iris
DBSCAN,1% точок,1.0,2,1.0,0,0,0,0,real_iris
DBSCAN,1% точок,1.0,3,1.0,0,0,0,0,real_iris
DBSCAN,1% точок,1.0,4,1.0,0,0,0,0,real_iris
DBSCAN,1% точок,2.0,0,0.9821174928363694,1,1,0,0,real_iris
DBSCAN,1% точок,2.0,1,0.9821174928363694,1,1,0,0,real_iris
DBSCAN,1% точок,2.0,2,0.9821174928363694,1,1,0,0,real_iris
DBSCAN,1% точок,2.0,3,0.9911406490223893,1,1,0,0,real_iris
DBSCAN,1% точок,2.0,4,0.9911406490223893,1,1,0,0,real_iris
DBSCAN,5% точок,0.01,0,1.0,0,0,0,0,real_iris
DBSCAN,5% точок,0.01,1,1.0,0,0,0,0,real_iris
DBSCAN,5% точок,0.01,2,1.0,0,0,0,0,real_iris
DBSCAN,5% точок,0.01,3,1.0,0,0,0,0,real_iris
DBSCAN,5% точок,0.01,4,1.0,0,0,0,0,real_iris
DBSCAN,5% точок,0.05,0,1.0,0,0,0,0,real_iris
DBSCAN,5% точок,0.05,1,1.0,0,0,0,0,real_iris
DBSCAN,5% точок,0.05,2,1.0,0,0,0,0,real_iris
DBSCAN,5% точок,0.05,3,1.0,0,0,0,0,real_iris
DBSCAN,5% точок,0.05,4,1.0,0,0,0,0,real_iris
DBSCAN,5% точок,0.1,0,1.0,0,0,0,0,real_iris
DBSCAN,5% точок,0.1,1,1.0,0,0,0,0,real_iris
DBSCAN,5% точок,0.1,2,1.0,0,0,0,0,real_iris
DBSCAN,5% точок,0.1,3,1.0,0,0,0,0,real_iris
DBSCAN,5% точок,0.1,4,1.0,0,0,0,0,real_iris
DBSCAN,5% точок,0.25,0,1.0,0,0,0,0,real_iris
DBSCAN,5% точок,0.25,1,1.0,0,0,0,0,real_iris
DBSCAN,5% точок,0.25,2,1.0,0,0,0,0,real_iris
DBSCAN,5% точок,0.25,3,1.0,0,0,0,0,real_iris
DBSCAN,5% точок,0.25,4,1.0,0,0,0,0,real_iris
DBSCAN,5% точок,0.5,0,1.0,0,0,0,0,real_iris
DBSCAN,5% точок,0.5,1,1.0,0,0,0,0,real_iris
DBSCAN,5% точок,0.5,2,1.0,0,0,0,0,real_iris
DBSCAN,5% точок,0.5,3,1.0,0,0,0,0,real_iris
DBSCAN,5% точок,0.5,4,1.0,0,0,0,0,real_iris
DBSCAN,5% точок,1.0,0,1.0,0,0,0,0,real_iris
DBSCAN,5% точок,1.0,1,0.9821174928363694,1,1,0,0,real_iris
DBSCAN,5% точок,1.0,2,1.0,0,0,0,0,real_iris
DBSCAN,5% точок,1.0,3,1.0,0,0,0,0,real_iris
DBSCAN,5% точок,1.0,4,1.0,0,0,0,0,real_iris
DBSCAN,5% точок,2.0,0,0.019294888078211593,51,5,46,1,real_iris
DBSCAN,5% точок,2.0,1,0.9731104372425471,2,2,0,0,real_iris
DBSCAN,5% точок,2.0,2,0.9911406490223893,1,1,0,0,real_iris
DBSCAN,5% точок,2.0,3,0.974551274778156,3,3,0,0,real_iris
DBSCAN,5% точок,2.0,4,0.019294888078211593,51,7,44,1,real_iris
DBSCAN,10% точок,0.01,0,1.0,0,0,0,0,real_iris
DBSCAN,10% точок,0.01,1,1.0,0,0,0,0,real_iris
DBSCAN,10% точок,0.01,2,1.0,0,0,0,0,real_iris
DBSCAN,10% точок,0.01,3,1.0,0,0,0,0,real_iris
DBSCAN,10% точок,0.01,4,1.0,0,0,0,0,real_iris
DBSCAN,10% точок,0.05,0,1.0,0,0,0,0,real_iris
DBSCAN,10% точок,0.05,1,1.0,0,0,0,0,real_iris
DBSCAN,10% точок,0.05,2,1.0,0,0,0,0,real_iris
DBSCAN,10% точок,0.05,3,1.0,0,0,0,0,real_iris
DBSCAN,10% точок,0.05,4,1.0,0,0,0,0,real_iris
DBSCAN,10% точок,0.1,0,1.0,0,0,0,0,real_iris
DBSCAN,10% точок,0.1,1,1.0,0,0,0,0,real_iris
DBSCAN,10% точок,0.1,2,1.0,0,0,0,0,real_iris
DBSCAN,10% точок,0.1,3,1.0,0,0,0,0,real_iris
DBSCAN,10% точок,0.1,4,1.0,0,0,0,0,real_iris
DBSCAN,10% точок,0.25,0,1.0,0,0,0,0,real_iris
DBSCAN,10% точок,0.25,1,1.0,0,0,0,0,real_iris
DBSCAN,10% точок,0.25,2,1.0,0,0,0,0,real_iris
DBSCAN,10% точок,0.25,3,1.0,0,0,0,0,real_iris
DBSCAN,10% точок,0.25,4,1.0,0,0,0,0,real_iris
DBSCAN,10% точок,0.5,0,1.0,0,0,0,0,real_iris
DBSCAN,10% точок,0.5,1,1.0,0,0,0,0,real_iris
DBSCAN,10% точок,0.5,2,1.0,0,0,0,0,real_iris
DBSCAN,10% точок,0.5,3,1.0,0,0,0,0,real_iris
DBSCAN,10% точок,0.5,4,1.0,0,0,0,0,real_iris
DBSCAN,10% точок,1.0,0,0.9821174928363694,1,1,0,0,real_iris
DBSCAN,10% точок,1.0,1,0.0,50,6,44,1,real_iris
DBSCAN,10% точок,1.0,2,0.9821174928363694,1,1,0,0,real_iris
DBSCAN,10% точок,1.0,3,1.0,0,0,0,0,real_iris
DBSCAN,10% точок,1.0,4,0.9821174928363694,1,1,0,0,real_iris
DBSCAN,10% точок,2.0,0,0.0,50,7,43,1,real_iris
DBSCAN,10% точок,2.0,1,0.0,50,3,47,1,real_iris
DBSCAN,10% точок,2.0,2,0.01329168605037549,50,7,43,1,real_iris
DBSCAN,10% точок,2.0,3,0.01329168605037549,50,6,44,1,real_iris
DBSCAN,10% точок,2.0,4,0.01329168605037549,50,6,44,1,real_iris
Agglomerative(Ward),внутрішня точка,0.01,0,1.0,0,0,0,0,real_iris
Agglomerative(Ward),внутрішня точка,0.01,1,1.0,0,0,0,0,real_iris
Agglomerative(Ward),внутрішня точка,0.01,2,1.0,0,0,0,0,real_iris
Agglomerative(Ward),внутрішня точка,0.01,3,1.0,0,0,0,0,real_iris
Agglomerative(Ward),внутрішня точка,0.01,4,1.0,0,0,0,0,real_iris
Agglomerative(Ward),внутрішня точка,0.05,0,1.0,0,0,0,0,real_iris
Agglomerative(Ward),внутрішня точка,0.05,1,1.0,0,0,0,0,real_iris
Agglomerative(Ward),внутрішня точка,0.05,2,1.0,0,0,0,0,real_iris
Agglomerative(Ward),внутрішня точка,0.05,3,1.0,0,0,0,0,real_iris
Agglomerative(Ward),внутрішня точка,0.05,4,1.0,0,0,0,0,real_iris
Agglomerative(Ward),внутрішня точка,0.1,0,1.0,0,0,0,0,real_iris
Agglomerative(Ward),внутрішня точка,0.1,1,1.0,0,0,0,0,real_iris
Agglomerative(Ward),внутрішня точка,0.1,2,1.0,0,0,0,0,real_iris
Agglomerative(Ward),внутрішня точка,0.1,3,1.0,0,0,0,0,real_iris
Agglomerative(Ward),внутрішня точка,0.1,4,1.0,0,0,0,0,real_iris
Agglomerative(Ward),внутрішня точка,0.25,0,1.0,0,0,0,0,real_iris
Agglomerative(Ward),внутрішня точка,0.25,1,1.0,0,0,0,0,real_iris
Agglomerative(Ward),внутрішня точка,0.25,2,1.0,0,0,0,0,real_iris
Agglomerative(Ward),внутрішня точка,0.25,3,1.0,0,0,0,0,real_iris
Agglomerative(Ward),внутрішня точка,0.25,4,1.0,0,0,0,0,real_iris
Agglomerative(Ward),внутрішня точка,0.5,0,1.0,0,0,0,0,real_iris
Agglomerative(Ward),внутрішня точка,0.5,1,1.0,0,0,0,0,real_iris
Agglomerative(Ward),внутрішня точка,0.5,2,1.0,0,0,0,0,real_iris
Agglomerative(Ward),внутрішня точка,0.5,3,1.0,0,0,0,0,real_iris
Agglomerative(Ward),внутрішня точка,0.5,4,1.0,0,0,0,0,real_iris
Agglomerative(Ward),внутрішня точка,1.0,0,1.0,0,0,0,0,real_iris
Agglomerative(Ward),внутрішня точка,1.0,1,1.0,0,0,0,0,real_iris
Agglomerative(Ward),внутрішня точка,1.0,2,1.0,0,0,0,0,real_iris
Agglomerative(Ward),внутрішня точка,1.0,3,1.0,0,0,0,0,real_iris
Agglomerative(Ward),внутрішня точка,1.0,4,1.0,0,0,0,0,real_iris
Agglomerative(Ward),внутрішня точка,2.0,0,1.0,0,0,0,0,real_iris
Agglomerative(Ward),внутрішня точка,2.0,1,0.9776891182809864,1,1,0,0,real_iris
Agglomerative(Ward),внутрішня точка,2.0,2,1.0,0,0,0,0,real_iris
Agglomerative(Ward),внутрішня точка,2.0,3,1.0,0,0,0,0,real_iris
Agglomerative(Ward),внутрішня точка,2.0,4,1.0,0,0,0,0,real_iris
Agglomerative(Ward),межова точка,0.01,0,1.0,0,0,0,0,real_iris
Agglomerative(Ward),межова точка,0.01,1,1.0,0,0,0,0,real_iris
Agglomerative(Ward),межова точка,0.01,2,1.0,0,0,0,0,real_iris
Agglomerative(Ward),межова точка,0.01,3,1.0,0,0,0,0,real_iris
Agglomerative(Ward),межова точка,0.01,4,1.0,0,0,0,0,real_iris
Agglomerative(Ward),межова точка,0.05,0,1.0,0,0,0,0,real_iris
Agglomerative(Ward),межова точка,0.05,1,1.0,0,0,0,0,real_iris
Agglomerative(Ward),межова точка,0.05,2,1.0,0,0,0,0,real_iris
Agglomerative(Ward),межова точка,0.05,3,1.0,0,0,0,0,real_iris
Agglomerative(Ward),межова точка,0.05,4,1.0,0,0,0,0,real_iris
Agglomerative(Ward),межова точка,0.1,0,1.0,0,0,0,0,real_iris
Agglomerative(Ward),межова точка,0.1,1,1.0,0,0,0,0,real_iris
Agglomerative(Ward),межова точка,0.1,2,1.0,0,0,0,0,real_iris
Agglomerative(Ward),межова точка,0.1,3,1.0,0,0,0,0,real_iris
Agglomerative(Ward),межова точка,0.1,4,1.0,0,0,0,0,real_iris
Agglomerative(Ward),межова точка,0.25,0,1.0,0,0,0,0,real_iris
Agglomerative(Ward),межова точка,0.25,1,1.0,0,0,0,0,real_iris
Agglomerative(Ward),межова точка,0.25,2,1.0,0,0,0,0,real_iris
Agglomerative(Ward),межова точка,0.25,3,1.0,0,0,0,0,real_iris
Agglomerative(Ward),межова точка,0.25,4,1.0,0,0,0,0,real_iris
Agglomerative(Ward),межова точка,0.5,0,1.0,0,0,0,0,real_iris
Agglomerative(Ward),межова точка,0.5,1,1.0,0,0,0,0,real_iris
Agglomerative(Ward),межова точка,0.5,2,1.0,0,0,0,0,real_iris
Agglomerative(Ward),межова точка,0.5,3,1.0,0,0,0,0,real_iris
Agglomerative(Ward),межова точка,0.5,4,1.0,0,0,0,0,real_iris
Agglomerative(Ward),межова точка,1.0,0,1.0,0,0,0,0,real_iris
Agglomerative(Ward),межова точка,1.0,1,1.0,0,0,0,0,real_iris
Agglomerative(Ward),межова точка,1.0,2,1.0,0,0,0,0,real_iris
Agglomerative(Ward),межова точка,1.0,3,1.0,0,0,0,0,real_iris
Agglomerative(Ward),межова точка,1.0,4,1.0,0,0,0,0,real_iris
Agglomerative(Ward),межова точка,2.0,0,1.0,0,0,0,0,real_iris
Agglomerative(Ward),межова точка,2.0,1,0.9776891182809864,1,1,0,0,real_iris
Agglomerative(Ward),межова точка,2.0,2,1.0,0,0,0,0,real_iris
Agglomerative(Ward),межова точка,2.0,3,1.0,0,0,0,0,real_iris
Agglomerative(Ward),межова точка,2.0,4,1.0,0,0,0,0,real_iris
Agglomerative(Ward),1% точок,0.01,0,1.0,0,0,0,0,real_iris
Agglomerative(Ward),1% точок,0.01,1,1.0,0,0,0,0,real_iris
Agglomerative(Ward),1% точок,0.01,2,1.0,0,0,0,0,real_iris
Agglomerative(Ward),1% точок,0.01,3,1.0,0,0,0,0,real_iris
Agglomerative(Ward),1% точок,0.01,4,1.0,0,0,0,0,real_iris
Agglomerative(Ward),1% точок,0.05,0,1.0,0,0,0,0,real_iris
Agglomerative(Ward),1% точок,0.05,1,1.0,0,0,0,0,real_iris
Agglomerative(Ward),1% точок,0.05,2,1.0,0,0,0,0,real_iris
Agglomerative(Ward),1% точок,0.05,3,1.0,0,0,0,0,real_iris
Agglomerative(Ward),1% точок,0.05,4,1.0,0,0,0,0,real_iris
Agglomerative(Ward),1% точок,0.1,0,1.0,0,0,0,0,real_iris
Agglomerative(Ward),1% точок,0.1,1,1.0,0,0,0,0,real_iris
Agglomerative(Ward),1% точок,0.1,2,0.9804033759563412,1,1,0,0,real_iris
Agglomerative(Ward),1% точок,0.1,3,0.9804033759563412,1,0,1,0,real_iris
Agglomerative(Ward),1% точок,0.1,4,1.0,0,0,0,0,real_iris
Agglomerative(Ward),1% точок,0.25,0,1.0,0,0,0,0,real_iris
Agglomerative(Ward),1% точок,0.25,1,1.0,0,0,0,0,real_iris
Agglomerative(Ward),1% точок,0.25,2,0.9804033759563412,1,0,1,0,real_iris
Agglomerative(Ward),1% точок,0.25,3,1.0,0,0,0,0,real_iris
Agglomerative(Ward),1% точок,0.25,4,1.0,0,0,0,0,real_iris
Agglomerative(Ward),1% точок,0.5,0,1.0,0,0,0,0,real_iris
Agglomerative(Ward),1% точок,0.5,1,0.9804033759563412,1,0,1,0,real_iris
Agglomerative(Ward),1% точок,0.5,2,1.0,0,0,0,0,real_iris
Agglomerative(Ward),1% точок,0.5,3,0.9612662387178171,2,0,2,0,real_iris
Agglomerative(Ward),1% точок,0.5,4,0.9804033759563412,1,0,1,0,real_iris
Agglomerative(Ward),1% точок,1.0,0,0.9804698826286418,1,0,1,0,real_iris
Agglomerative(Ward),1% точок,1.0,1,1.0,0,0,0,0,real_iris
Agglomerative(Ward),1% точок,1.0,2,1.0,0,0,0,0,real_iris
Agglomerative(Ward),1% точок,1.0,3,1.0,0,0,0,0,real_iris
Agglomerative(Ward),1% точок,1.0,4,0.9804033759563412,1,0,1,0,real_iris
Agglomerative(Ward),1% точок,2.0,0,1.0,0,0,0,0,real_iris
Agglomerative(Ward),1% точок,2.0,1,1.0,0,0,0,0,real_iris
Agglomerative(Ward),1% точок,2.0,2,1.0,0,0,0,0,real_iris
Agglomerative(Ward),1% точок,2.0,3,1.0,0,0,0,0,real_iris
Agglomerative(Ward),1% точок,2.0,4,1.0,0,0,0,0,real_iris
Agglomerative(Ward),5% точок,0.01,0,1.0,0,0,0,0,real_iris
Agglomerative(Ward),5% точок,0.01,1,1.0,0,0,0,0,real_iris
Agglomerative(Ward),5% точок,0.01,2,1.0,0,0,0,0,real_iris
Agglomerative(Ward),5% точок,0.01,3,1.0,0,0,0,0,real_iris
Agglomerative(Ward),5% точок,0.01,4,1.0,0,0,0,0,real_iris
Agglomerative(Ward),5% точок,0.05,0,0.9804033759563412,1,0,1,0,real_iris
Agglomerative(Ward),5% точок,0.05,1,1.0,0,0,0,0,real_iris
Agglomerative(Ward),5% точок,0.05,2,1.0,0,0,0,0,real_iris
Agglomerative(Ward),5% точок,0.05,3,1.0,0,0,0,0,real_iris
Agglomerative(Ward),5% точок,0.05,4,1.0,0,0,0,0,real_iris
Agglomerative(Ward),5% точок,0.1,0,0.9804033759563412,1,0,1,0,real_iris
Agglomerative(Ward),5% точок,0.1,1,1.0,0,0,0,0,real_iris
Agglomerative(Ward),5% точок,0.1,2,0.9804033759563412,1,0,1,0,real_iris
Agglomerative(Ward),5% точок,0.1,3,0.9612662387178171,2,1,1,0,real_iris
Agglomerative(Ward),5% точок,0.1,4,0.9804033759563412,1,0,1,0,real_iris
Agglomerative(Ward),5% точок,0.25,0,0.9804698826286418,1,0,1,0,real_iris
Agglomerative(Ward),5% точок,0.25,1,0.9804033759563412,1,0,1,0,real_iris
Agglomerative(Ward),5% точок,0.25,2,0.9614068181252738,2,0,2,0,real_iris
Agglomerative(Ward),5% точок,0.25,3,0.9804033759563412,1,0,1,0,real_iris
Agglomerative(Ward),5% точок,0.25,4,0.9611435721856738,2,1,1,0,real_iris
Agglomerative(Ward),5% точок,0.5,0,1.0,0,0,0,0,real_iris
Agglomerative(Ward),5% точок,0.5,1,0.9614068181252738,2,1,1,0,real_iris
Agglomerative(Ward),5% точок,0.5,2,0.9614068181252738,2,1,1,0,real_iris
Agglomerative(Ward),5% точок,0.5,3,0.9804033759563412,1,0,1,0,real_iris
Agglomerative(Ward),5% точок,0.5,4,0.9804033759563412,1,0,1,0,real_iris
Agglomerative(Ward),5% точок,1.0,0,0.9243888681638018,4,2,2,0,real_iris
Agglomerative(Ward),5% точок,1.0,1,0.9804698826286418,1,1,0,0,real_iris
Agglomerative(Ward),5% точок,1.0,2,0.9611435721856738,2,1,1,0,real_iris
Agglomerative(Ward),5% точок,1.0,3,0.9612662387178171,2,0,2,0,real_iris
Agglomerative(Ward),5% точок,1.0,4,0.9423978020534878,3,1,2,0,real_iris
Agglomerative(Ward),5% точок,2.0,0,1.0,0,0,0,0,real_iris
Agglomerative(Ward),5% точок,2.0,1,0.939282361931651,3,2,1,0,real_iris
Agglomerative(Ward),5% точок,2.0,2,0.9365751363996807,3,3,0,0,real_iris
Agglomerative(Ward),5% точок,2.0,3,0.9776891182809864,1,1,0,0,real_iris
Agglomerative(Ward),5% точок,2.0,4,0.9776891182809864,1,1,0,0,real_iris
Agglomerative(Ward),10% точок,0.01,0,0.9804033759563412,1,0,1,0,real_iris
Agglomerative(Ward),10% точок,0.01,1,1.0,0,0,0,0,real_iris
Agglomerative(Ward),10% точок,0.01,2,1.0,0,0,0,0,real_iris
Agglomerative(Ward),10% точок,0.01,3,1.0,0,0,0,0,real_iris
Agglomerative(Ward),10% точок,0.01,4,0.9804033759563412,1,0,1,0,real_iris
Agglomerative(Ward),10% точок,0.05,0,1.0,0,0,0,0,real_iris
Agglomerative(Ward),10% точок,0.05,1,1.0,0,0,0,0,real_iris
Agglomerative(Ward),10% точок,0.05,2,0.9804698826286418,1,0,1,0,real_iris
Agglomerative(Ward),10% точок,0.05,3,0.9804698826286418,1,0,1,0,real_iris
Agglomerative(Ward),10% точок,0.05,4,1.0,0,0,0,0,real_iris
Agglomerative(Ward),10% точок,0.1,0,1.0,0,0,0,0,real_iris
Agglomerative(Ward),10% точок,0.1,1,0.9612662387178171,2,0,2,0,real_iris
Agglomerative(Ward),10% точок,0.1,2,0.9612662387178171,2,1,1,0,real_iris
Agglomerative(Ward),10% точок,0.1,3,1.0,0,0,0,0,real_iris
Agglomerative(Ward),10% точок,0.1,4,1.0,0,0,0,0,real_iris
Agglomerative(Ward),10% точок,0.25,0,0.9804698826286418,1,0,1,0,real_iris
Agglomerative(Ward),10% точок,0.25,1,0.9612662387178171,2,0,2,0,real_iris
Agglomerative(Ward),10% точок,0.25,2,0.9804698826286418,1,0,1,0,real_iris
Agglomerative(Ward),10% точок,0.25,3,0.9612662387178171,2,0,2,0,real_iris
Agglomerative(Ward),10% точок,0.25,4,0.9614068181252738,2,0,2,0,real_iris
Agglomerative(Ward),10% точок,0.5,0,0.9241134472838868,4,2,2,0,real_iris
Agglomerative(Ward),10% точок,0.5,1,0.9612662387178171,2,1,1,0,real_iris
Agglomerative(Ward),10% точок,0.5,2,0.9612662387178171,2,1,1,0,real_iris
Agglomerative(Ward),10% точок,0.5,3,0.9614068181252738,2,1,1,0,real_iris
Agglomerative(Ward),10% точок,0.5,4,0.9612662387178171,2,0,2,0,real_iris
Agglomerative(Ward),10% точок,1.0,0,0.9246986049026767,4,3,1,0,real_iris
Agglomerative(Ward),10% точок,1.0,1,0.9238731210168303,4,2,2,0,real_iris
Agglomerative(Ward),10% точок,1.0,2,1.0,0,0,0,0,real_iris
Agglomerative(Ward),10% точок,1.0,3,0.9804698826286418,1,1,0,0,real_iris
Agglomerative(Ward),10% точок,1.0,4,0.9612662387178171,2,2,0,0,real_iris
Agglomerative(Ward),10% точок,2.0,0,0.9389905977772105,3,2,1,0,real_iris
Agglomerative(Ward),10% точок,2.0,1,0.5599574724000171,34,4,30,0,real_iris
Agglomerative(Ward),10% точок,2.0,2,0.9360178142964835,3,2,1,0,real_iris
Agglomerative(Ward),10% точок,2.0,3,0.9425932913629774,3,2,1,0,real_iris
Agglomerative(Ward),10% точок,2.0,4,0.9580213612371319,2,2,0,0,real_iris
DBSCAN(фікс. eps),внутрішня точка,0.01,0,1.0,0,0,0,0,real_iris
DBSCAN(фікс. eps),внутрішня точка,0.01,1,1.0,0,0,0,0,real_iris
DBSCAN(фікс. eps),внутрішня точка,0.01,2,1.0,0,0,0,0,real_iris
DBSCAN(фікс. eps),внутрішня точка,0.01,3,1.0,0,0,0,0,real_iris
DBSCAN(фікс. eps),внутрішня точка,0.01,4,1.0,0,0,0,0,real_iris
DBSCAN(фікс. eps),внутрішня точка,0.05,0,1.0,0,0,0,0,real_iris
DBSCAN(фікс. eps),внутрішня точка,0.05,1,1.0,0,0,0,0,real_iris
DBSCAN(фікс. eps),внутрішня точка,0.05,2,1.0,0,0,0,0,real_iris
DBSCAN(фікс. eps),внутрішня точка,0.05,3,1.0,0,0,0,0,real_iris
DBSCAN(фікс. eps),внутрішня точка,0.05,4,1.0,0,0,0,0,real_iris
DBSCAN(фікс. eps),внутрішня точка,0.1,0,1.0,0,0,0,0,real_iris
DBSCAN(фікс. eps),внутрішня точка,0.1,1,1.0,0,0,0,0,real_iris
DBSCAN(фікс. eps),внутрішня точка,0.1,2,1.0,0,0,0,0,real_iris
DBSCAN(фікс. eps),внутрішня точка,0.1,3,1.0,0,0,0,0,real_iris
DBSCAN(фікс. eps),внутрішня точка,0.1,4,1.0,0,0,0,0,real_iris
DBSCAN(фікс. eps),внутрішня точка,0.25,0,1.0,0,0,0,0,real_iris
DBSCAN(фікс. eps),внутрішня точка,0.25,1,1.0,0,0,0,0,real_iris
DBSCAN(фікс. eps),внутрішня точка,0.25,2,1.0,0,0,0,0,real_iris
DBSCAN(фікс. eps),внутрішня точка,0.25,3,1.0,0,0,0,0,real_iris
DBSCAN(фікс. eps),внутрішня точка,0.25,4,1.0,0,0,0,0,real_iris
DBSCAN(фікс. eps),внутрішня точка,0.5,0,1.0,0,0,0,0,real_iris
DBSCAN(фікс. eps),внутрішня точка,0.5,1,1.0,0,0,0,0,real_iris
DBSCAN(фікс. eps),внутрішня точка,0.5,2,1.0,0,0,0,0,real_iris
DBSCAN(фікс. eps),внутрішня точка,0.5,3,1.0,0,0,0,0,real_iris
DBSCAN(фікс. eps),внутрішня точка,0.5,4,1.0,0,0,0,0,real_iris
DBSCAN(фікс. eps),внутрішня точка,1.0,0,1.0,0,0,0,0,real_iris
DBSCAN(фікс. eps),внутрішня точка,1.0,1,1.0,0,0,0,0,real_iris
DBSCAN(фікс. eps),внутрішня точка,1.0,2,1.0,0,0,0,0,real_iris
DBSCAN(фікс. eps),внутрішня точка,1.0,3,1.0,0,0,0,0,real_iris
DBSCAN(фікс. eps),внутрішня точка,1.0,4,1.0,0,0,0,0,real_iris
DBSCAN(фікс. eps),внутрішня точка,2.0,0,0.9911406490223893,1,1,0,0,real_iris
DBSCAN(фікс. eps),внутрішня точка,2.0,1,0.9911406490223893,1,1,0,0,real_iris
DBSCAN(фікс. eps),внутрішня точка,2.0,2,0.9911406490223893,1,1,0,0,real_iris
DBSCAN(фікс. eps),внутрішня точка,2.0,3,0.9911406490223893,1,1,0,0,real_iris
DBSCAN(фікс. eps),внутрішня точка,2.0,4,0.9911406490223893,1,1,0,0,real_iris
DBSCAN(фікс. eps),межова точка,0.01,0,1.0,0,0,0,0,real_iris
DBSCAN(фікс. eps),межова точка,0.01,1,1.0,0,0,0,0,real_iris
DBSCAN(фікс. eps),межова точка,0.01,2,1.0,0,0,0,0,real_iris
DBSCAN(фікс. eps),межова точка,0.01,3,1.0,0,0,0,0,real_iris
DBSCAN(фікс. eps),межова точка,0.01,4,1.0,0,0,0,0,real_iris
DBSCAN(фікс. eps),межова точка,0.05,0,1.0,0,0,0,0,real_iris
DBSCAN(фікс. eps),межова точка,0.05,1,1.0,0,0,0,0,real_iris
DBSCAN(фікс. eps),межова точка,0.05,2,1.0,0,0,0,0,real_iris
DBSCAN(фікс. eps),межова точка,0.05,3,1.0,0,0,0,0,real_iris
DBSCAN(фікс. eps),межова точка,0.05,4,1.0,0,0,0,0,real_iris
DBSCAN(фікс. eps),межова точка,0.1,0,1.0,0,0,0,0,real_iris
DBSCAN(фікс. eps),межова точка,0.1,1,1.0,0,0,0,0,real_iris
DBSCAN(фікс. eps),межова точка,0.1,2,1.0,0,0,0,0,real_iris
DBSCAN(фікс. eps),межова точка,0.1,3,1.0,0,0,0,0,real_iris
DBSCAN(фікс. eps),межова точка,0.1,4,1.0,0,0,0,0,real_iris
DBSCAN(фікс. eps),межова точка,0.25,0,1.0,0,0,0,0,real_iris
DBSCAN(фікс. eps),межова точка,0.25,1,1.0,0,0,0,0,real_iris
DBSCAN(фікс. eps),межова точка,0.25,2,1.0,0,0,0,0,real_iris
DBSCAN(фікс. eps),межова точка,0.25,3,1.0,0,0,0,0,real_iris
DBSCAN(фікс. eps),межова точка,0.25,4,1.0,0,0,0,0,real_iris
DBSCAN(фікс. eps),межова точка,0.5,0,1.0,0,0,0,0,real_iris
DBSCAN(фікс. eps),межова точка,0.5,1,1.0,0,0,0,0,real_iris
DBSCAN(фікс. eps),межова точка,0.5,2,1.0,0,0,0,0,real_iris
DBSCAN(фікс. eps),межова точка,0.5,3,1.0,0,0,0,0,real_iris
DBSCAN(фікс. eps),межова точка,0.5,4,1.0,0,0,0,0,real_iris
DBSCAN(фікс. eps),межова точка,1.0,0,1.0,0,0,0,0,real_iris
DBSCAN(фікс. eps),межова точка,1.0,1,1.0,0,0,0,0,real_iris
DBSCAN(фікс. eps),межова точка,1.0,2,1.0,0,0,0,0,real_iris
DBSCAN(фікс. eps),межова точка,1.0,3,1.0,0,0,0,0,real_iris
DBSCAN(фікс. eps),межова точка,1.0,4,1.0,0,0,0,0,real_iris
DBSCAN(фікс. eps),межова точка,2.0,0,0.9911406490223893,1,1,0,0,real_iris
DBSCAN(фікс. eps),межова точка,2.0,1,0.9911406490223893,1,1,0,0,real_iris
DBSCAN(фікс. eps),межова точка,2.0,2,0.9911406490223893,1,1,0,0,real_iris
DBSCAN(фікс. eps),межова точка,2.0,3,0.9911406490223893,1,1,0,0,real_iris
DBSCAN(фікс. eps),межова точка,2.0,4,0.9911406490223893,1,1,0,0,real_iris
DBSCAN(фікс. eps),1% точок,0.01,0,1.0,0,0,0,0,real_iris
DBSCAN(фікс. eps),1% точок,0.01,1,1.0,0,0,0,0,real_iris
DBSCAN(фікс. eps),1% точок,0.01,2,1.0,0,0,0,0,real_iris
DBSCAN(фікс. eps),1% точок,0.01,3,1.0,0,0,0,0,real_iris
DBSCAN(фікс. eps),1% точок,0.01,4,1.0,0,0,0,0,real_iris
DBSCAN(фікс. eps),1% точок,0.05,0,1.0,0,0,0,0,real_iris
DBSCAN(фікс. eps),1% точок,0.05,1,1.0,0,0,0,0,real_iris
DBSCAN(фікс. eps),1% точок,0.05,2,1.0,0,0,0,0,real_iris
DBSCAN(фікс. eps),1% точок,0.05,3,1.0,0,0,0,0,real_iris
DBSCAN(фікс. eps),1% точок,0.05,4,1.0,0,0,0,0,real_iris
DBSCAN(фікс. eps),1% точок,0.1,0,1.0,0,0,0,0,real_iris
DBSCAN(фікс. eps),1% точок,0.1,1,1.0,0,0,0,0,real_iris
DBSCAN(фікс. eps),1% точок,0.1,2,1.0,0,0,0,0,real_iris
DBSCAN(фікс. eps),1% точок,0.1,3,1.0,0,0,0,0,real_iris
DBSCAN(фікс. eps),1% точок,0.1,4,1.0,0,0,0,0,real_iris
DBSCAN(фікс. eps),1% точок,0.25,0,1.0,0,0,0,0,real_iris
DBSCAN(фікс. eps),1% точок,0.25,1,1.0,0,0,0,0,real_iris
DBSCAN(фікс. eps),1% точок,0.25,2,1.0,0,0,0,0,real_iris
DBSCAN(фікс. eps),1% точок,0.25,3,1.0,0,0,0,0,real_iris
DBSCAN(фікс. eps),1% точок,0.25,4,1.0,0,0,0,0,real_iris
DBSCAN(фікс. eps),1% точок,0.5,0,1.0,0,0,0,0,real_iris
DBSCAN(фікс. eps),1% точок,0.5,1,1.0,0,0,0,0,real_iris
DBSCAN(фікс. eps),1% точок,0.5,2,1.0,0,0,0,0,real_iris
DBSCAN(фікс. eps),1% точок,0.5,3,1.0,0,0,0,0,real_iris
DBSCAN(фікс. eps),1% точок,0.5,4,1.0,0,0,0,0,real_iris
DBSCAN(фікс. eps),1% точок,1.0,0,1.0,0,0,0,0,real_iris
DBSCAN(фікс. eps),1% точок,1.0,1,1.0,0,0,0,0,real_iris
DBSCAN(фікс. eps),1% точок,1.0,2,1.0,0,0,0,0,real_iris
DBSCAN(фікс. eps),1% точок,1.0,3,1.0,0,0,0,0,real_iris
DBSCAN(фікс. eps),1% точок,1.0,4,1.0,0,0,0,0,real_iris
DBSCAN(фікс. eps),1% точок,2.0,0,0.9821174928363694,1,1,0,0,real_iris
DBSCAN(фікс. eps),1% точок,2.0,1,0.9821174928363694,1,1,0,0,real_iris
DBSCAN(фікс. eps),1% точок,2.0,2,0.9821174928363694,1,1,0,0,real_iris
DBSCAN(фікс. eps),1% точок,2.0,3,0.9911406490223893,1,1,0,0,real_iris
DBSCAN(фікс. eps),1% точок,2.0,4,0.9911406490223893,1,1,0,0,real_iris
DBSCAN(фікс. eps),5% точок,0.01,0,1.0,0,0,0,0,real_iris
DBSCAN(фікс. eps),5% точок,0.01,1,1.0,0,0,0,0,real_iris
DBSCAN(фікс. eps),5% точок,0.01,2,1.0,0,0,0,0,real_iris
DBSCAN(фікс. eps),5% точок,0.01,3,1.0,0,0,0,0,real_iris
DBSCAN(фікс. eps),5% точок,0.01,4,1.0,0,0,0,0,real_iris
DBSCAN(фікс. eps),5% точок,0.05,0,1.0,0,0,0,0,real_iris
DBSCAN(фікс. eps),5% точок,0.05,1,1.0,0,0,0,0,real_iris
DBSCAN(фікс. eps),5% точок,0.05,2,1.0,0,0,0,0,real_iris
DBSCAN(фікс. eps),5% точок,0.05,3,1.0,0,0,0,0,real_iris
DBSCAN(фікс. eps),5% точок,0.05,4,1.0,0,0,0,0,real_iris
DBSCAN(фікс. eps),5% точок,0.1,0,1.0,0,0,0,0,real_iris
DBSCAN(фікс. eps),5% точок,0.1,1,1.0,0,0,0,0,real_iris
DBSCAN(фікс. eps),5% точок,0.1,2,1.0,0,0,0,0,real_iris
DBSCAN(фікс. eps),5% точок,0.1,3,1.0,0,0,0,0,real_iris
DBSCAN(фікс. eps),5% точок,0.1,4,1.0,0,0,0,0,real_iris
DBSCAN(фікс. eps),5% точок,0.25,0,1.0,0,0,0,0,real_iris
DBSCAN(фікс. eps),5% точок,0.25,1,1.0,0,0,0,0,real_iris
DBSCAN(фікс. eps),5% точок,0.25,2,1.0,0,0,0,0,real_iris
DBSCAN(фікс. eps),5% точок,0.25,3,0.9821174928363694,1,1,0,0,real_iris
DBSCAN(фікс. eps),5% точок,0.25,4,1.0,0,0,0,0,real_iris
DBSCAN(фікс. eps),5% точок,0.5,0,1.0,0,0,0,0,real_iris
DBSCAN(фікс. eps),5% точок,0.5,1,1.0,0,0,0,0,real_iris
DBSCAN(фікс. eps),5% точок,0.5,2,1.0,0,0,0,0,real_iris
DBSCAN(фікс. eps),5% точок,0.5,3,1.0,0,0,0,0,real_iris
DBSCAN(фікс. eps),5% точок,0.5,4,1.0,0,0,0,0,real_iris
DBSCAN(фікс. eps),5% точок,1.0,0,1.0,0,0,0,0,real_iris
DBSCAN(фікс. eps),5% точок,1.0,1,0.9731104372425471,2,2,0,0,real_iris
DBSCAN(фікс. eps),5% точок,1.0,2,0.9821174928363694,1,1,0,0,real_iris
DBSCAN(фікс. eps),5% точок,1.0,3,0.9646613520747721,2,2,0,0,real_iris
DBSCAN(фікс. eps),5% точок,1.0,4,0.9821174928363694,1,1,0,0,real_iris
DBSCAN(фікс. eps),5% точок,2.0,0,0.9126364847993046,7,7,0,0,real_iris
DBSCAN(фікс. eps),5% точок,2.0,1,0.8892576391949023,7,7,0,0,real_iris
DBSCAN(фікс. eps),5% точок,2.0,2,0.9302765364520937,6,6,0,0,real_iris
DBSCAN(фікс. eps),5% точок,2.0,3,0.9226064820189634,7,7,0,0,real_iris
DBSCAN(фікс. eps),5% точок,2.0,4,0.9336720311696375,7,7,0,0,real_iris
DBSCAN(фікс. eps),10% точок,0.01,0,1.0,0,0,0,0,real_iris
DBSCAN(фікс. eps),10% точок,0.01,1,1.0,0,0,0,0,real_iris
DBSCAN(фікс. eps),10% точок,0.01,2,1.0,0,0,0,0,real_iris
DBSCAN(фікс. eps),10% точок,0.01,3,1.0,0,0,0,0,real_iris
DBSCAN(фікс. eps),10% точок,0.01,4,1.0,0,0,0,0,real_iris
DBSCAN(фікс. eps),10% точок,0.05,0,1.0,0,0,0,0,real_iris
DBSCAN(фікс. eps),10% точок,0.05,1,1.0,0,0,0,0,real_iris
DBSCAN(фікс. eps),10% точок,0.05,2,1.0,0,0,0,0,real_iris
DBSCAN(фікс. eps),10% точок,0.05,3,1.0,0,0,0,0,real_iris
DBSCAN(фікс. eps),10% точок,0.05,4,1.0,0,0,0,0,real_iris
DBSCAN(фікс. eps),10% точок,0.1,0,1.0,0,0,0,0,real_iris
DBSCAN(фікс. eps),10% точок,0.1,1,1.0,0,0,0,0,real_iris
DBSCAN(фікс. eps),10% точок,0.1,2,1.0,0,0,0,0,real_iris
DBSCAN(фікс. eps),10% точок,0.1,3,1.0,0,0,0,0,real_iris
DBSCAN(фікс. eps),10% точок,0.1,4,1.0,0,0,0,0,real_iris
DBSCAN(фікс. eps),10% точок,0.25,0,1.0,0,0,0,0,real_iris
DBSCAN(фікс. eps),10% точок,0.25,1,0.9821174928363694,1,0,1,0,real_iris
DBSCAN(фікс. eps),10% точок,0.25,2,1.0,0,0,0,0,real_iris
DBSCAN(фікс. eps),10% точок,0.25,3,1.0,0,0,0,0,real_iris
DBSCAN(фікс. eps),10% точок,0.25,4,1.0,0,0,0,0,real_iris
DBSCAN(фікс. eps),10% точок,0.5,0,1.0,0,0,0,0,real_iris
DBSCAN(фікс. eps),10% точок,0.5,1,1.0,0,0,0,0,real_iris
DBSCAN(фікс. eps),10% точок,0.5,2,1.0,0,0,0,0,real_iris
DBSCAN(фікс. eps),10% точок,0.5,3,1.0,0,0,0,0,real_iris
DBSCAN(фікс. eps),10% точок,0.5,4,1.0,0,0,0,0,real_iris
DBSCAN(фікс. eps),10% точок,1.0,0,0.9646613520747721,2,2,0,0,real_iris
DBSCAN(фікс. eps),10% точок,1.0,1,1.0,0,0,0,0,real_iris
DBSCAN(фікс. eps),10% точок,1.0,2,0.9646613520747721,2,2,0,0,real_iris
DBSCAN(фікс. eps),10% точок,1.0,3,0.9476272478265089,3,3,0,0,real_iris
DBSCAN(фікс. eps),10% точок,1.0,4,0.9646613520747721,2,2,0,0,real_iris
DBSCAN(фікс. eps),10% точок,2.0,0,0.805247857340172,14,14,0,0,real_iris
DBSCAN(фікс. eps),10% точок,2.0,1,0.8098376296962444,13,13,0,0,real_iris
DBSCAN(фікс. eps),10% точок,2.0,2,0.8058226458572708,15,15,0,0,real_iris
DBSCAN(фікс. eps),10% точок,2.0,3,0.8137162271785915,14,14,0,0,real_iris
DBSCAN(фікс. eps),10% точок,2.0,4,0.7824319294528588,15,15,0,0,real_iris
